{
  "optimizer": "Adagrad",
  "activation": "swish",
  "arch": [
    256,
    128,
    64
  ],
  "dropout": 0.1,
  "lr": 0.001,
  "epochs": 40,
  "train_loss": [
    0.9154093188582857,
    0.6063947330533079,
    0.45644057951286443,
    0.3386667469870089,
    0.26106411932840856,
    0.20610427733003742,
    0.16873723617191275,
    0.13985327349483742,
    0.11582756690949506,
    0.09867873561236408,
    0.08507145831843356,
    0.07307811924960261,
    0.06566182522212405,
    0.05549717851490636,
    0.050795467094492695,
    0.04536093786136398,
    0.03904723179839239,
    0.03562055802701172,
    0.03189364452022236,
    0.027909672474904428,
    0.02578838862631031,
    0.025793060930891662,
    0.021718606477424966,
    0.020561192028380772,
    0.018684984041521184,
    0.016305164992608902,
    0.0164424670332138,
    0.014688632516841528,
    0.014687511093780246,
    0.012932867764554429,
    0.01154028037547937,
    0.011789284260004695,
    0.01049391223837117,
    0.009735606105786745,
    0.009285388127642655,
    0.008966480628394427,
    0.00819139964572961,
    0.008148719020956359,
    0.007325176263767615,
    0.006787163418110995
  ],
  "val_f1": [
    0.733162064244449,
    0.7986846287863919,
    0.8845753191706588,
    0.8909029513479974,
    0.9151209482341557,
    0.9121674249741054,
    0.9187834654101521,
    0.9286403234432932,
    0.9187834654101521,
    0.9123439535065615,
    0.9189079976285058,
    0.9189079976285058,
    0.9221831996095019,
    0.9221831996095019,
    0.9221831996095019,
    0.9254544774741192,
    0.9187904229983438,
    0.9220675376597415,
    0.9220675376597415,
    0.9220675376597415,
    0.9186807203283691,
    0.9186807203283691,
    0.9120851568818643,
    0.9186807203283691,
    0.9120851568818643,
    0.9120851568818643,
    0.9120851568818643,
    0.9120851568818643,
    0.9120851568818643,
    0.9120851568818643,
    0.9120851568818643,
    0.9120851568818643,
    0.9120851568818643,
    0.9153853257711927,
    0.9120851568818643,
    0.9120851568818643,
    0.9120851568818643,
    0.9120851568818643,
    0.9153044240233742,
    0.9153044240233742
  ],
  "test_acc": 0.9548387096774194,
  "test_f1": 0.9546369672306704,
  "runtime": 12.23,
  "pca_components": 475
}