{
  "optimizer": "Adagrad",
  "activation": "leaky",
  "arch": [
    64,
    32
  ],
  "dropout": 0.1,
  "lr": 0.001,
  "epochs": 40,
  "train_loss": [
    1.003617186966989,
    0.8910307507158416,
    0.8098667755827204,
    0.7488692163651576,
    0.6989692475861153,
    0.6483409934431202,
    0.607396364548695,
    0.5683568984735006,
    0.5325518167903822,
    0.5025338006955824,
    0.4733932777525854,
    0.4430885194545795,
    0.4184403210766153,
    0.39743272329351476,
    0.3765355365900919,
    0.3559701540830509,
    0.3378714161928525,
    0.3247442314097675,
    0.30466621867298377,
    0.2902372899380597,
    0.27636816991856816,
    0.26509305203935674,
    0.256875609376855,
    0.24108488381614346,
    0.22988803549246353,
    0.22156363729670076,
    0.2132832177019427,
    0.20603417233634597,
    0.199628538473631,
    0.19025412754162208,
    0.1824303013285108,
    0.17300012824338504,
    0.16812003871617362,
    0.1669306833940273,
    0.15953035881886116,
    0.15233759671016814,
    0.14649800320605297,
    0.14118981366599356,
    0.14334958443851994,
    0.13665390094805302
  ],
  "val_f1": [
    0.7703461272595974,
    0.809250606257763,
    0.8222369878183832,
    0.8470604091809948,
    0.8462345929838819,
    0.8600637113543425,
    0.8670746863663222,
    0.8845890930492271,
    0.8845890930492271,
    0.8880019351717464,
    0.8880019351717464,
    0.8880019351717464,
    0.9015527597342246,
    0.9015527597342246,
    0.8983592476123924,
    0.9017199920275308,
    0.8921191117956617,
    0.8985212036156706,
    0.8951649854002263,
    0.8951649854002263,
    0.8951649854002263,
    0.8951649854002263,
    0.8951649854002263,
    0.8985212036156706,
    0.8985212036156706,
    0.9014409968309631,
    0.904804472831823,
    0.904804472831823,
    0.911507994127422,
    0.911507994127422,
    0.9081599719429896,
    0.9081599719429896,
    0.9081599719429896,
    0.9081599719429896,
    0.9081599719429896,
    0.9049416775567494,
    0.9049416775567494,
    0.9049416775567494,
    0.9049416775567494,
    0.9049416775567494
  ],
  "test_acc": 0.9516129032258065,
  "test_f1": 0.9513089268390941,
  "runtime": 7.04,
  "pca_components": 475
}