{
  "optimizer": "Adagrad",
  "activation": "swish",
  "arch": [
    64,
    32
  ],
  "dropout": 0.1,
  "lr": 0.001,
  "epochs": 40,
  "train_loss": [
    1.0295870059148287,
    0.9197191219935179,
    0.8408794392816094,
    0.7683814130142339,
    0.707422092084028,
    0.6540432016396792,
    0.6050402088278144,
    0.566846547282595,
    0.5310186867498466,
    0.4992696920859679,
    0.46684309691110565,
    0.4404282699739375,
    0.41771371660212026,
    0.3985098634374084,
    0.37984703844307954,
    0.35943581159875365,
    0.3474185096762269,
    0.3306540625992483,
    0.3172973570739024,
    0.30472177592511457,
    0.29361492517239435,
    0.28224305799726906,
    0.2689010853317555,
    0.26083139922107146,
    0.2503180602117531,
    0.24097121397114493,
    0.23241983020639087,
    0.2273930475324184,
    0.2198124871243066,
    0.21057701008239058,
    0.20451578212528218,
    0.1980379335001119,
    0.1941217246669284,
    0.18723649452648347,
    0.1812220321684643,
    0.17455922739280688,
    0.17240046562688077,
    0.16661236252016506,
    0.16265366348673926,
    0.15791221795831079
  ],
  "val_f1": [
    0.5971103356634152,
    0.7063606704685567,
    0.7485551780887275,
    0.7901303078883545,
    0.8242545884473804,
    0.8393745392464983,
    0.8393745392464983,
    0.8541413620758468,
    0.8546822947132027,
    0.8623558978391421,
    0.8694535838629583,
    0.8764903445962454,
    0.8869412486313895,
    0.8938455149780422,
    0.9038869855771264,
    0.9038869855771264,
    0.9073052629991989,
    0.9075222734444166,
    0.9143031742615664,
    0.9143031742615664,
    0.914478245441642,
    0.914478245441642,
    0.9080715680105835,
    0.9080715680105835,
    0.9082213131342027,
    0.9082213131342027,
    0.9082213131342027,
    0.9082213131342027,
    0.9116904995239178,
    0.9116904995239178,
    0.9116904995239178,
    0.9116904995239178,
    0.9116904995239178,
    0.9183418219562197,
    0.9183418219562197,
    0.9183418219562197,
    0.9183418219562197,
    0.9183418219562197,
    0.9183418219562197,
    0.9216594097726173
  ],
  "test_acc": 0.9193548387096774,
  "test_f1": 0.9182463195926008,
  "runtime": 7.64,
  "pca_components": 475
}