{
  "optimizer": "Adagrad",
  "activation": "relu",
  "arch": [
    128,
    64
  ],
  "dropout": 0.1,
  "lr": 0.001,
  "epochs": 40,
  "train_loss": [
    0.9528909989298512,
    0.7466797618022075,
    0.6162263766420086,
    0.5187740087701532,
    0.44560210649655546,
    0.38624458480676443,
    0.3384742988669276,
    0.2994562369511293,
    0.2673065016319702,
    0.23863066935680322,
    0.2165797762733079,
    0.19619318951099646,
    0.1795385401533649,
    0.16745531092477525,
    0.15298228289264706,
    0.14164901812144542,
    0.1319571915631207,
    0.12546618725060454,
    0.1161593148257381,
    0.11041796957295451,
    0.10275821790956823,
    0.09723099745858126,
    0.08845245681458612,
    0.08510577814746698,
    0.07978963734198316,
    0.07694933553050448,
    0.07291806714469992,
    0.06866105988064622,
    0.06884365479775964,
    0.0633155720257323,
    0.05910903584129904,
    0.05698178627394489,
    0.0582672424064353,
    0.05297889010184167,
    0.049425547961556446,
    0.04783557108771246,
    0.0470935558134238,
    0.045076087115191205,
    0.04304000462849753,
    0.04145354559848455
  ],
  "val_f1": [
    0.764605592180041,
    0.8493843643376353,
    0.8826129383035063,
    0.9054989580291606,
    0.9054989580291606,
    0.9054989580291606,
    0.9054989580291606,
    0.9054989580291606,
    0.9054989580291606,
    0.9058747083499559,
    0.9156020131629887,
    0.9220675376597415,
    0.9285722218255952,
    0.9252958812364752,
    0.9252958812364752,
    0.9252958812364752,
    0.9252958812364752,
    0.922015350452114,
    0.922015350452114,
    0.9120851568818643,
    0.9153044240233742,
    0.9153044240233742,
    0.9153044240233742,
    0.9153044240233742,
    0.9153044240233742,
    0.9153044240233742,
    0.9154247881247809,
    0.9154247881247809,
    0.9154247881247809,
    0.9122222222222223,
    0.9154247881247809,
    0.9154247881247809,
    0.9220305399409877,
    0.9220305399409877,
    0.9220305399409877,
    0.9220305399409877,
    0.9220305399409877,
    0.9220305399409877,
    0.9220305399409877,
    0.9188209480288688
  ],
  "test_acc": 0.9483870967741935,
  "test_f1": 0.9481795427802687,
  "runtime": 8.26,
  "pca_components": 475
}