{
  "optimizer": "Adagrad",
  "activation": "gelu",
  "arch": [
    128,
    64
  ],
  "dropout": 0.1,
  "lr": 0.001,
  "epochs": 40,
  "train_loss": [
    0.9585686898026304,
    0.7640235379153903,
    0.6387141827391706,
    0.5511819111717331,
    0.4802056320769098,
    0.4216990591281842,
    0.37651769011298963,
    0.33537258602370174,
    0.3033979986866935,
    0.27240412132017966,
    0.2452198686283593,
    0.2207722962654089,
    0.20406988524040784,
    0.1869934246328776,
    0.17147824479213897,
    0.15567789108539026,
    0.14520806189568342,
    0.133846792307767,
    0.12309925963540048,
    0.11619722599493297,
    0.11025537975280755,
    0.1001125100785651,
    0.09590398194193199,
    0.08977536744908532,
    0.08420066338988355,
    0.07980575835339287,
    0.07560983415685028,
    0.07030208155136072,
    0.06910134837303898,
    0.06375345974086497,
    0.05983346416512249,
    0.05938545638928816,
    0.05546516704665133,
    0.05421705807610793,
    0.05153214320692726,
    0.04824896554365923,
    0.04519652850142389,
    0.043176722583060885,
    0.04313075575314266,
    0.04262864551215867
  ],
  "val_f1": [
    0.8171072489612063,
    0.8411064425770309,
    0.8451090816844241,
    0.8487065168920288,
    0.8663740958723144,
    0.8805641111021796,
    0.8840149576638808,
    0.9044943615528958,
    0.9080283410360527,
    0.9081654463414662,
    0.9081654463414662,
    0.9081654463414662,
    0.9081654463414662,
    0.9115158836120117,
    0.9148601982078053,
    0.9148601982078053,
    0.9117815166740296,
    0.9117815166740296,
    0.9151971678681693,
    0.9118743590441705,
    0.918514755684567,
    0.918514755684567,
    0.918514755684567,
    0.9250532172230286,
    0.9250532172230286,
    0.9284290813522617,
    0.9284290813522617,
    0.9284290813522617,
    0.9284290813522617,
    0.9282662241288709,
    0.9218291109500713,
    0.9218291109500713,
    0.9218291109500713,
    0.9251314088754846,
    0.9284290813522617,
    0.9284290813522617,
    0.9284290813522617,
    0.9284290813522617,
    0.9317226042269039,
    0.9317226042269039
  ],
  "test_acc": 0.9483870967741935,
  "test_f1": 0.9481997677119628,
  "runtime": 9.6,
  "pca_components": 475
}