{
  "optimizer": "Adagrad",
  "activation": "relu",
  "arch": [
    256,
    128,
    64
  ],
  "dropout": 0.1,
  "lr": 0.001,
  "epochs": 40,
  "train_loss": [
    0.8970365405980459,
    0.6280209667712146,
    0.49266620551853685,
    0.3871326464488341,
    0.2999529042444029,
    0.23020474623133252,
    0.18079787160101085,
    0.14756062591619762,
    0.12488417653241678,
    0.10117367145641958,
    0.08259550079446829,
    0.07155748950432728,
    0.06290436737267416,
    0.05538339376040785,
    0.04607168191291428,
    0.04311876614277981,
    0.03572578003931632,
    0.0348499934306752,
    0.030206122911059775,
    0.028581269006252352,
    0.0232181534002775,
    0.02223646445996406,
    0.02152035707074822,
    0.01806918801831867,
    0.017572138799157047,
    0.017132464358197336,
    0.014832871295125968,
    0.013727248264383976,
    0.01390033136805767,
    0.013989453540572365,
    0.012924374251026759,
    0.011074132112547708,
    0.010498529518959465,
    0.010744687614097265,
    0.010308704082778945,
    0.00891238814665705,
    0.009323090874726372,
    0.008012533267021116,
    0.008328548973729817,
    0.007230599129531431
  ],
  "val_f1": [
    0.8007686290514573,
    0.8527104501900648,
    0.8956983381334146,
    0.9019323927933879,
    0.9090430370051222,
    0.9252380952380953,
    0.9248491849570017,
    0.9186082828786746,
    0.9156088622355489,
    0.9156088622355489,
    0.9186082828786746,
    0.9186082828786746,
    0.9186082828786746,
    0.9153044240233742,
    0.9219072035617272,
    0.9186082828786746,
    0.9216919057083134,
    0.9186082828786746,
    0.9216919057083134,
    0.9186082828786746,
    0.9216919057083134,
    0.9249927431059506,
    0.9216919057083134,
    0.9216919057083134,
    0.9249927431059506,
    0.9249927431059506,
    0.9216919057083134,
    0.9216919057083134,
    0.9216919057083134,
    0.9216919057083134,
    0.9218291109500713,
    0.9218291109500713,
    0.9249276230408304,
    0.9249276230408304,
    0.9249276230408304,
    0.9282317821238841,
    0.9249276230408304,
    0.9249276230408304,
    0.9282317821238841,
    0.9282317821238841
  ],
  "test_acc": 0.9612903225806452,
  "test_f1": 0.9611426081480529,
  "runtime": 12.05,
  "pca_components": 475
}