{
  "optimizer": "Adagrad",
  "activation": "gelu",
  "arch": [
    256,
    128,
    64
  ],
  "dropout": 0.1,
  "lr": 0.001,
  "epochs": 40,
  "train_loss": [
    0.9040455617142852,
    0.5597224809778448,
    0.3926604781951104,
    0.2859014832585521,
    0.20815769353036825,
    0.1621471990126317,
    0.12555831218275607,
    0.101067334910501,
    0.0824574853798085,
    0.06749205808082596,
    0.05598665936586997,
    0.04839365159308176,
    0.04176433954734582,
    0.035752467532938266,
    0.030007650259874195,
    0.02963825000020174,
    0.024132517527642592,
    0.02151434789237633,
    0.019257075359194173,
    0.017013386640880073,
    0.016018365792861994,
    0.014595297717796402,
    0.013073610731026317,
    0.011565095597989317,
    0.011148322637019065,
    0.010268821004545691,
    0.01008162427547507,
    0.008701853733084729,
    0.008520593784545108,
    0.008349395882726044,
    0.007465053946338393,
    0.006953232311998104,
    0.0069989099922765806,
    0.005940686374982381,
    0.006126442479881853,
    0.005872978903963158,
    0.0056489412005261315,
    0.004774131490212713,
    0.004587574905415514,
    0.004684178622082962
  ],
  "val_f1": [
    0.8043848058272518,
    0.8476157584256924,
    0.8910889735285652,
    0.9078906370999335,
    0.9182577079994806,
    0.9251090327134053,
    0.9285328465498083,
    0.9254313255692614,
    0.928795877325289,
    0.9319937473295005,
    0.9350987730351982,
    0.9350987730351982,
    0.9350987730351982,
    0.9350987730351982,
    0.9384829477842183,
    0.9384829477842183,
    0.9385253615635376,
    0.9385253615635376,
    0.9351603711544484,
    0.9417420814479639,
    0.9417420814479639,
    0.931953203359796,
    0.9320090828711519,
    0.9352689793866263,
    0.9320090828711519,
    0.9354314212904336,
    0.9321765868160354,
    0.9320090828711519,
    0.9320090828711519,
    0.9353061986557133,
    0.9353061986557133,
    0.9352689793866263,
    0.9352689793866263,
    0.9352689793866263,
    0.9352689793866263,
    0.9352689793866263,
    0.9352689793866263,
    0.9352689793866263,
    0.9352689793866263,
    0.9352689793866263
  ],
  "test_acc": 0.9548387096774194,
  "test_f1": 0.9546534076933351,
  "runtime": 11.76,
  "pca_components": 475
}