{
  "optimizer": "Adagrad",
  "activation": "leaky",
  "arch": [
    128,
    64
  ],
  "dropout": 0.1,
  "lr": 0.001,
  "epochs": 40,
  "train_loss": [
    0.9077969632076922,
    0.7086586240737139,
    0.5984477540893924,
    0.5168986381895764,
    0.45426622727277655,
    0.40306500275331264,
    0.353797402062552,
    0.31919033152881393,
    0.28850411050995556,
    0.2614011568502754,
    0.23790876933680613,
    0.21679256624788157,
    0.19870515015415122,
    0.1840437079081938,
    0.1704981750605759,
    0.1583689301885412,
    0.1471548251038184,
    0.1380602226218368,
    0.12978945700516858,
    0.12247808735703447,
    0.11220096925803574,
    0.10614864954212906,
    0.10134010144367597,
    0.09505291940717527,
    0.08984601807055645,
    0.08642221164036464,
    0.08150370487158756,
    0.07802192016738663,
    0.07227375075940469,
    0.070301225375847,
    0.07042897452067758,
    0.06545941706800923,
    0.06309728462082716,
    0.0595671545534789,
    0.05797900770494795,
    0.05624927034087563,
    0.05149607530896737,
    0.05070889701504679,
    0.04884755928840863,
    0.049128026620852104
  ],
  "val_f1": [
    0.8003977840517701,
    0.8794549266247379,
    0.8959687561917052,
    0.8961581119656721,
    0.9091750383829592,
    0.9025599883966531,
    0.9022286975517207,
    0.9022286975517207,
    0.9055466983952519,
    0.9088594483460984,
    0.9121674249741054,
    0.9121674249741054,
    0.9155684280184566,
    0.9218402779902964,
    0.9217678405406019,
    0.9184542815674891,
    0.9216919057083134,
    0.9216919057083134,
    0.9216919057083134,
    0.9183860164992241,
    0.9216919057083134,
    0.9216919057083134,
    0.9186082828786746,
    0.9186082828786746,
    0.9186082828786746,
    0.9186082828786746,
    0.9186082828786746,
    0.9216919057083134,
    0.9216919057083134,
    0.9153044240233742,
    0.9153044240233742,
    0.9153044240233742,
    0.9153044240233742,
    0.9153044240233742,
    0.9153044240233742,
    0.9153044240233742,
    0.9153044240233742,
    0.9219072035617272,
    0.9186082828786746,
    0.9186082828786746
  ],
  "test_acc": 0.9580645161290322,
  "test_f1": 0.9579249215808646,
  "runtime": 3.29,
  "pca_components": 475
}