{
  "optimizer": "Adagrad",
  "activation": "elu",
  "arch": [
    256,
    128,
    64
  ],
  "dropout": 0.1,
  "lr": 0.001,
  "epochs": 40,
  "train_loss": [
    0.6799350510911957,
    0.3619763055047789,
    0.2437271322692319,
    0.1795033264069579,
    0.1394295521639588,
    0.11551117000679549,
    0.0946222002817906,
    0.07989115184428489,
    0.07024450545590481,
    0.06044375671213067,
    0.05242450725269164,
    0.04838537550999744,
    0.041457690250964144,
    0.03830367543372902,
    0.034583700133959505,
    0.03327961028075109,
    0.028056790177510463,
    0.026893246886853957,
    0.023992738283024884,
    0.021284253567441166,
    0.01997090469431603,
    0.01867763330581818,
    0.018148312542596034,
    0.01698399280144564,
    0.015641328009750217,
    0.01470083451562828,
    0.013106283976487523,
    0.012190279863462165,
    0.012727352995811217,
    0.011898366648279483,
    0.010993158233348498,
    0.010162616341718987,
    0.010090589552184425,
    0.008697566824788333,
    0.008907886081730376,
    0.0085812296050239,
    0.008135542387087418,
    0.007968100905299412,
    0.008392120410854548,
    0.0070093301039516245
  ],
  "val_f1": [
    0.8560362872939061,
    0.9017124233715453,
    0.9056990653541885,
    0.9025109131943382,
    0.9089151467107599,
    0.9089151467107599,
    0.909288127860607,
    0.9091541608430846,
    0.9123572718958103,
    0.9123572718958103,
    0.9123572718958103,
    0.8994583668893205,
    0.9025109131943382,
    0.9058100315526058,
    0.9058100315526058,
    0.9058100315526058,
    0.9060470546538658,
    0.9027551395972448,
    0.9058100315526058,
    0.9027551395972448,
    0.9058100315526058,
    0.9027551395972448,
    0.9059484895858007,
    0.9059484895858007,
    0.9059484895858007,
    0.906054231796806,
    0.9122222222222223,
    0.909138971354211,
    0.909138971354211,
    0.909138971354211,
    0.9060470546538658,
    0.9059484895858007,
    0.9059484895858007,
    0.9028778239304556,
    0.9059484895858007,
    0.9059484895858007,
    0.9059484895858007,
    0.9059484895858007,
    0.9059484895858007,
    0.9059484895858007
  ],
  "test_acc": 0.9516129032258065,
  "test_f1": 0.9513793484611619,
  "runtime": 4.77,
  "pca_components": 475
}