{
  "optimizer": "Adagrad",
  "activation": "elu",
  "arch": [
    128,
    64
  ],
  "dropout": 0.1,
  "lr": 0.001,
  "epochs": 40,
  "train_loss": [
    0.7948969040524901,
    0.5370515383751948,
    0.42501008542652347,
    0.35387199732358254,
    0.3031749369445316,
    0.2639868136589536,
    0.23497740736791303,
    0.20959395071618847,
    0.18675350472170732,
    0.1711171531539777,
    0.15699868772285097,
    0.14549983107254927,
    0.13450888873014305,
    0.12359614506155461,
    0.11622719506363897,
    0.11027683038715395,
    0.1027060204604866,
    0.09666118988864457,
    0.09206375976119666,
    0.08613621801109869,
    0.08149533675088798,
    0.0772509890467714,
    0.07304370131558023,
    0.07040755906417333,
    0.06710007507404118,
    0.06488097499557052,
    0.06304092952132931,
    0.05970815902514731,
    0.05818960251564169,
    0.054358359304020776,
    0.05159235315526635,
    0.051088796047801414,
    0.049104757395819945,
    0.049958365239431424,
    0.04771883106695798,
    0.04460767124723913,
    0.043472606081299124,
    0.040818263116308186,
    0.03927525374116581,
    0.03960595235444962
  ],
  "val_f1": [
    0.8129555240217661,
    0.8765546942291129,
    0.898072429906542,
    0.9084184513629107,
    0.9086572914525987,
    0.9118743590441705,
    0.9118743590441705,
    0.9151971678681693,
    0.9119762941461055,
    0.9153853257711927,
    0.9155239976921045,
    0.9155239976921045,
    0.918928734978761,
    0.9221368663631037,
    0.918928734978761,
    0.9221368663631037,
    0.915718204965029,
    0.918928734978761,
    0.918928734978761,
    0.918928734978761,
    0.918928734978761,
    0.9156455136030942,
    0.9156455136030942,
    0.9156455136030942,
    0.9156455136030942,
    0.9156455136030942,
    0.9156455136030942,
    0.9156455136030942,
    0.9156455136030942,
    0.9156455136030942,
    0.918928734978761,
    0.9156455136030942,
    0.918928734978761,
    0.918928734978761,
    0.918928734978761,
    0.9156455136030942,
    0.9156455136030942,
    0.9156455136030942,
    0.918928734978761,
    0.918928734978761
  ],
  "test_acc": 0.9387096774193548,
  "test_f1": 0.9383991030682015,
  "runtime": 3.41,
  "pca_components": 475
}