{
  "optimizer": "Adagrad",
  "activation": "leaky",
  "arch": [
    256,
    128,
    64
  ],
  "dropout": 0.1,
  "lr": 0.001,
  "epochs": 40,
  "train_loss": [
    0.8457025990106523,
    0.5220393234199577,
    0.3602186665059162,
    0.2485026479280399,
    0.19508812852672763,
    0.1469094200714052,
    0.11937381687858145,
    0.09701685108156247,
    0.08302966962984777,
    0.06980531311615491,
    0.05598409514174851,
    0.049876004250067864,
    0.04237973024630784,
    0.03914516643611509,
    0.03480066686759454,
    0.030016399623406326,
    0.02753922277425264,
    0.024931828819531918,
    0.0244595826788334,
    0.019940209946724886,
    0.01791550593541844,
    0.017460047479292088,
    0.0158760618165961,
    0.01395869980861281,
    0.01409848128841722,
    0.011907219341775726,
    0.012694384458126883,
    0.011075351842152553,
    0.010561248732930137,
    0.009948082867410633,
    0.009892112432691986,
    0.008960903240963937,
    0.00841511742348646,
    0.009027718014027191,
    0.0075716843196525175,
    0.007504381582836284,
    0.007219823172256839,
    0.007227908101320095,
    0.0064973935135201845,
    0.00599862287580494
  ],
  "val_f1": [
    0.8008026391864775,
    0.8527992475928367,
    0.9050728945300168,
    0.9416875131780679,
    0.941661934120693,
    0.9416450504906276,
    0.9383807892088875,
    0.9383807892088875,
    0.9349509591427961,
    0.931779090860326,
    0.931779090860326,
    0.931779090860326,
    0.931779090860326,
    0.931779090860326,
    0.93511420828494,
    0.9383490613073708,
    0.93511420828494,
    0.9383807892088875,
    0.931779090860326,
    0.935012451836541,
    0.931779090860326,
    0.935012451836541,
    0.935012451836541,
    0.935012451836541,
    0.9383490613073708,
    0.935012451836541,
    0.935012451836541,
    0.935012451836541,
    0.935012451836541,
    0.935012451836541,
    0.9284290813522617,
    0.9284290813522617,
    0.9317226042269039,
    0.931779090860326,
    0.93511420828494,
    0.928492133632259,
    0.931779090860326,
    0.931779090860326,
    0.931779090860326,
    0.928492133632259
  ],
  "test_acc": 0.9548387096774194,
  "test_f1": 0.9546882855706386,
  "runtime": 4.6,
  "pca_components": 475
}