{
  "optimizer": "Adagrad",
  "activation": "elu",
  "arch": [
    64,
    32
  ],
  "dropout": 0.1,
  "lr": 0.001,
  "epochs": 40,
  "train_loss": [
    0.9807416042247852,
    0.7974985175840696,
    0.6886744913617535,
    0.6064818370977098,
    0.5413527235252489,
    0.4867067502479902,
    0.44169255610176666,
    0.40706670885447727,
    0.3729759848137066,
    0.3461477769285264,
    0.3242349762904381,
    0.306548524906457,
    0.2860192421978042,
    0.26966948424891285,
    0.2546528059750747,
    0.244809404247996,
    0.22740307969310194,
    0.21840996592595668,
    0.2061878803309861,
    0.2006445722058295,
    0.19055429677718938,
    0.18365779200858362,
    0.17442139306653245,
    0.16869169568233172,
    0.1638089150687326,
    0.15664973120180556,
    0.15175539387000256,
    0.14761703997257258,
    0.14302745879081194,
    0.13782477472628746,
    0.13393307391467948,
    0.13117949754769215,
    0.12443646982376327,
    0.12394620863707749,
    0.11653308691421846,
    0.11563164701924777,
    0.1116318823554267,
    0.10898455638626832,
    0.10725597608804446,
    0.10165947650756132
  ],
  "val_f1": [
    0.6213482218407799,
    0.7203828544089017,
    0.7639548916445243,
    0.8139693240045623,
    0.8298232065411835,
    0.8589348380185439,
    0.8771125788765762,
    0.8943209795309613,
    0.897728242900274,
    0.9011252630682579,
    0.9045125569636641,
    0.9078906370999335,
    0.9112600118390191,
    0.9112600118390191,
    0.904804472831823,
    0.904804472831823,
    0.9080178179802102,
    0.904804472831823,
    0.8983592476123924,
    0.8983592476123924,
    0.9017199920275308,
    0.9050728945300168,
    0.9017199920275308,
    0.9017199920275308,
    0.8985212036156706,
    0.8985212036156706,
    0.8985212036156706,
    0.9017199920275308,
    0.8953210636176355,
    0.8921191117956617,
    0.8921191117956617,
    0.8921191117956617,
    0.8956224799153537,
    0.8956224799153537,
    0.8989420269041122,
    0.8956224799153537,
    0.8956224799153537,
    0.8956224799153537,
    0.8989420269041122,
    0.9022550501699803
  ],
  "test_acc": 0.9387096774193548,
  "test_f1": 0.9382941750577256,
  "runtime": 2.95,
  "pca_components": 475
}