{
  "optimizer": "Adagrad",
  "activation": "relu",
  "arch": [
    64,
    32
  ],
  "dropout": 0.1,
  "lr": 0.001,
  "epochs": 40,
  "train_loss": [
    1.0397274869946525,
    0.9531265874586162,
    0.8832766946571498,
    0.8142195205780818,
    0.7636469875118179,
    0.7069644161999514,
    0.6633329732947737,
    0.6225789217714214,
    0.5804385941249187,
    0.5449999044376269,
    0.5164143840845968,
    0.4864173076722236,
    0.4636451955473891,
    0.4409645494031547,
    0.419307541228418,
    0.3991616000053125,
    0.3823920717606178,
    0.35923381561775114,
    0.34567902163031794,
    0.333771179525874,
    0.31845608497897165,
    0.30661102552257474,
    0.2931843502121372,
    0.2805344605755267,
    0.26994115615994013,
    0.25924143651645626,
    0.25373226944447336,
    0.24327233049772068,
    0.23363511130462225,
    0.22467025479621436,
    0.21774330440229342,
    0.211647499623223,
    0.20162301565479887,
    0.1950101215370308,
    0.1906034070647744,
    0.1834588928920662,
    0.17869956124495792,
    0.17006545143944402,
    0.16406309099456134,
    0.16527409613485167
  ],
  "val_f1": [
    0.7019311550386721,
    0.790380802277696,
    0.843754173766824,
    0.8572420387727155,
    0.8700609874075372,
    0.8771727311131343,
    0.8872635849380034,
    0.8911031612975021,
    0.8911031612975021,
    0.8913039781870737,
    0.898072429906542,
    0.898072429906542,
    0.898072429906542,
    0.9048083909151341,
    0.9048083909151341,
    0.9048083909151341,
    0.9081654463414662,
    0.9081654463414662,
    0.9149534545116156,
    0.9149534545116156,
    0.918278410494867,
    0.9215121524408719,
    0.9215121524408719,
    0.9215121524408719,
    0.9215121524408719,
    0.9249276230408304,
    0.9249276230408304,
    0.9216919057083134,
    0.9216919057083134,
    0.9216919057083134,
    0.9216919057083134,
    0.9249927431059506,
    0.9250446019139374,
    0.9282890079726244,
    0.9282890079726244,
    0.9282890079726244,
    0.9282890079726244,
    0.9282890079726244,
    0.9282890079726244,
    0.9282890079726244
  ],
  "test_acc": 0.9419354838709677,
  "test_f1": 0.9413674535325821,
  "runtime": 9.72,
  "pca_components": 475
}