{
  "optimizer": "Adagrad",
  "activation": "gelu",
  "arch": [
    64,
    32
  ],
  "dropout": 0.1,
  "lr": 0.001,
  "epochs": 40,
  "train_loss": [
    1.052264506743761,
    0.9630243902952842,
    0.8931221161688958,
    0.8249708368228033,
    0.7647336837487428,
    0.707067585154975,
    0.6602239701425985,
    0.6159658906214849,
    0.5770475081117517,
    0.5430522367734945,
    0.5138641668622888,
    0.4832833435600839,
    0.45899023640662384,
    0.4326808778043073,
    0.4105684342981988,
    0.39281584050720775,
    0.3741185998903801,
    0.35455208293785007,
    0.3385476490353435,
    0.32798994634342554,
    0.31043620455675447,
    0.29352282249379247,
    0.2816210282528638,
    0.268449704354652,
    0.2599241884726873,
    0.24612186191029417,
    0.2397701685277283,
    0.22928438962884587,
    0.22047265811015226,
    0.21170503439731403,
    0.1986942900612253,
    0.19563853920243515,
    0.18777201778389166,
    0.1826134603981564,
    0.17439020597819296,
    0.16624017135150462,
    0.16190174145843472,
    0.15664818644074743,
    0.15025958068159848,
    0.14670452827236036
  ],
  "val_f1": [
    0.6260552084081495,
    0.6973603963221411,
    0.7363731245923028,
    0.7492999492999494,
    0.7670252695960084,
    0.7670252695960084,
    0.7930504958510421,
    0.8122433070829165,
    0.8340367319614636,
    0.8416778589567113,
    0.8598900040709334,
    0.8669179965940238,
    0.8738878180724585,
    0.8810695260679795,
    0.8947116516483886,
    0.8982656572190386,
    0.8982656572190386,
    0.9016252172016911,
    0.9016252172016911,
    0.9049761239226649,
    0.9083188775490871,
    0.9083188775490871,
    0.9149819088697644,
    0.9149819088697644,
    0.9149819088697644,
    0.911507994127422,
    0.911507994127422,
    0.911507994127422,
    0.911507994127422,
    0.911507994127422,
    0.9148490361618186,
    0.9148490361618186,
    0.9148490361618186,
    0.9116226736784204,
    0.9150894978524479,
    0.9151971678681693,
    0.9151971678681693,
    0.9151971678681693,
    0.9151971678681693,
    0.9151971678681693
  ],
  "test_acc": 0.9161290322580645,
  "test_f1": 0.9150257076763367,
  "runtime": 3.15,
  "pca_components": 475
}