{
  "optimizer": "Adagrad",
  "activation": "swish",
  "arch": [
    128,
    64
  ],
  "dropout": 0.1,
  "lr": 0.001,
  "epochs": 40,
  "train_loss": [
    0.9813523679859475,
    0.7967896379406186,
    0.6744922438637424,
    0.5847262346084044,
    0.5127260454596211,
    0.45572770735215856,
    0.4089550181077077,
    0.37068008725652135,
    0.3378263630009005,
    0.3060913689999634,
    0.2804487778325758,
    0.25741902803335864,
    0.23795741851801766,
    0.21881471179133144,
    0.2026652749056711,
    0.19057624856027114,
    0.17564925348617622,
    0.1654273903677706,
    0.15766077454594143,
    0.14634098251254538,
    0.13638161455850695,
    0.12852722817992832,
    0.12286758270553519,
    0.11506062374921688,
    0.1099140999168398,
    0.103590925464095,
    0.09918355953733368,
    0.09603854395837923,
    0.08942394895101344,
    0.08683418697863417,
    0.08206573102048098,
    0.08005816314615923,
    0.07521185314963107,
    0.07164923894414983,
    0.07156783080448895,
    0.06640427474247121,
    0.06332983240092423,
    0.06120438218685874,
    0.05863474235098935,
    0.057848014722008616
  ],
  "val_f1": [
    0.6695077757924691,
    0.7427645385092193,
    0.7837971994205698,
    0.8469678443161842,
    0.8657498435243028,
    0.8942773759675168,
    0.9046500090905744,
    0.9046500090905744,
    0.9115347658979734,
    0.9148738841763917,
    0.9148738841763917,
    0.9215306027424018,
    0.9248491849570017,
    0.9248491849570017,
    0.925048271019835,
    0.9216331502690284,
    0.9216331502690284,
    0.918415965585777,
    0.9216331502690284,
    0.9248491849570017,
    0.9248491849570017,
    0.9248491849570017,
    0.9248491849570017,
    0.9248491849570017,
    0.9315748320487657,
    0.9315748320487657,
    0.9315748320487657,
    0.9315748320487657,
    0.9315748320487657,
    0.9315748320487657,
    0.9283537978767682,
    0.9283537978767682,
    0.9283537978767682,
    0.9283537978767682,
    0.9283537978767682,
    0.9283537978767682,
    0.9283537978767682,
    0.9283537978767682,
    0.9283537978767682,
    0.9283537978767682
  ],
  "test_acc": 0.9483870967741935,
  "test_f1": 0.9481022774031415,
  "runtime": 5.59,
  "pca_components": 475
}