{
  "optimizer": "AdamW",
  "activation": "leaky",
  "arch": [
    128,
    64
  ],
  "dropout": 0.1,
  "lr": 0.001,
  "epochs": 40,
  "train_loss": [
    0.734546693952703,
    0.1925398936237681,
    0.055699390357594705,
    0.021282556865789143,
    0.009531283855835009,
    0.00449625860384679,
    0.0030816067316388534,
    0.002312499731718981,
    0.0018859850678586909,
    0.001651727768700075,
    0.0011650269027351492,
    0.0011954318416155093,
    0.0008193498457069608,
    0.0006238103393339128,
    0.0006223056061493418,
    0.0005096208766070728,
    0.0005729212697822428,
    0.00041553087289951846,
    0.00037642598745258823,
    0.00040756859537294666,
    0.00030047724900681945,
    0.0003152188204415184,
    0.00025463275256522034,
    0.0002190213781463132,
    0.00022773125792716924,
    0.00020899815532923538,
    0.00016989894368161755,
    0.0001658317661623011,
    0.00018564979940431133,
    0.00016809120745454902,
    0.00023818859005791013,
    0.00014241429239889364,
    0.00016131754489128356,
    0.00015230371042608044,
    0.00010637712271303823,
    0.00011945098952023035,
    0.00010753265190978534,
    9.871671306802988e-05,
    0.00010773626914108659,
    9.122097713310309e-05
  ],
  "val_f1": [
    0.9119247828644167,
    0.9221400011416444,
    0.9090389048882438,
    0.9189380745041124,
    0.9125048211735519,
    0.915718204965029,
    0.9125048211735519,
    0.909288127860607,
    0.9191176470588235,
    0.9031940340509358,
    0.9063833778903428,
    0.909445139323188,
    0.9126445449974862,
    0.9126445449974862,
    0.9126445449974862,
    0.909445139323188,
    0.909445139323188,
    0.9126445449974862,
    0.9126445449974862,
    0.909445139323188,
    0.909445139323188,
    0.9126445449974862,
    0.9126445449974862,
    0.906242220562609,
    0.909445139323188,
    0.909445139323188,
    0.909445139323188,
    0.909445139323188,
    0.909445139323188,
    0.909445139323188,
    0.909445139323188,
    0.909445139323188,
    0.909445139323188,
    0.909445139323188,
    0.9125048211735519,
    0.9125048211735519,
    0.9125048211735519,
    0.9125048211735519,
    0.9125048211735519,
    0.9125048211735519
  ],
  "test_acc": 0.967741935483871,
  "test_f1": 0.9675642839009176,
  "runtime": 4.82,
  "pca_components": 475
}