{
  "optimizer": "AdamW",
  "activation": "elu",
  "arch": [
    256,
    128,
    64
  ],
  "dropout": 0.1,
  "lr": 0.001,
  "epochs": 40,
  "train_loss": [
    0.521650415240532,
    0.09611432861026743,
    0.03221071720190422,
    0.016799832961697292,
    0.013628423379939811,
    0.004453339838397661,
    0.004904866749293012,
    0.006540609776633433,
    0.007935754091372552,
    0.017096258334630313,
    0.034831860302150276,
    0.02678433318218577,
    0.003297689622799543,
    0.0014834824991209563,
    0.000489465931806257,
    0.0003263315487604297,
    0.00032464662211272824,
    0.0001682359664258184,
    0.00018667764615621065,
    0.00013261457466980808,
    0.00013272564505883695,
    0.00021842424150339903,
    9.67566635775282e-05,
    0.00011113834706618079,
    9.088336600007879e-05,
    8.041674887807564e-05,
    8.700940336034245e-05,
    7.847889883462369e-05,
    7.319926334820512e-05,
    5.1080419539241684e-05,
    5.860481262928443e-05,
    4.707409789482031e-05,
    4.705412697920755e-05,
    4.268214518615755e-05,
    4.120622865249042e-05,
    4.007825230890689e-05,
    3.968724964156749e-05,
    2.952432649546942e-05,
    3.3574955841735386e-05,
    3.546382562110531e-05
  ],
  "val_f1": [
    0.9061714429361488,
    0.895279078424743,
    0.9062918476617007,
    0.8991178944805669,
    0.8901422304720655,
    0.896359458151911,
    0.8904366586933071,
    0.8900201106083458,
    0.8802790346907994,
    0.8837403661104615,
    0.8897636240454573,
    0.8995193403088141,
    0.9025938830816879,
    0.9058747083499559,
    0.905859690154379,
    0.905859690154379,
    0.9091216296613598,
    0.9091216296613598,
    0.9091216296613598,
    0.9057427593596173,
    0.9057427593596173,
    0.9057427593596173,
    0.9057427593596173,
    0.9057427593596173,
    0.9057427593596173,
    0.9057427593596173,
    0.9057427593596173,
    0.9057427593596173,
    0.9057427593596173,
    0.9057427593596173,
    0.9057427593596173,
    0.9057427593596173,
    0.9057427593596173,
    0.9057427593596173,
    0.9057427593596173,
    0.9057427593596173,
    0.9057427593596173,
    0.9057427593596173,
    0.9057427593596173,
    0.9057427593596173
  ],
  "test_acc": 0.9483870967741935,
  "test_f1": 0.9480567089365204,
  "runtime": 14.0,
  "pca_components": 475
}