{
  "optimizer": "AdamW",
  "activation": "swish",
  "arch": [
    128,
    64
  ],
  "dropout": 0.1,
  "lr": 0.001,
  "epochs": 40,
  "train_loss": [
    0.7784040906677456,
    0.21132630913960734,
    0.05277642859181068,
    0.017232504651947884,
    0.006729861671079227,
    0.0033211146148402373,
    0.0022484837551731487,
    0.0017729508160123017,
    0.0012029413256548953,
    0.0009445864254993965,
    0.0007981109542183773,
    0.0006165990796698645,
    0.0005555342633074187,
    0.0004605236276007303,
    0.00035388020774704764,
    0.0003457289160951429,
    0.0003429220688852194,
    0.000282091585514688,
    0.00020800036091166534,
    0.0002489673034370651,
    0.0002770349358941177,
    0.00025879363557720843,
    0.00014335078882804213,
    0.00015816511840712592,
    0.00012307659144788035,
    0.00014701649812174156,
    0.00010233436670474835,
    0.0001788670219585305,
    0.00012670607622808036,
    0.00012437849261232213,
    0.0001824897825317768,
    8.612139172112906e-05,
    7.679074838651064e-05,
    8.139089078321269e-05,
    0.0001194151222263084,
    6.856544245866365e-05,
    7.183561615236866e-05,
    7.072349885790038e-05,
    5.5575260213245566e-05,
    5.595356990209577e-05
  ],
  "val_f1": [
    0.9050617554722754,
    0.9056467807997794,
    0.9285218927009972,
    0.921949475051478,
    0.9252380952380953,
    0.9252380952380953,
    0.921949475051478,
    0.9220981528871525,
    0.9221520558519773,
    0.9220981528871525,
    0.9220981528871525,
    0.9156607030919678,
    0.9123875068973598,
    0.9124740019207646,
    0.9157028694233776,
    0.9221520558519773,
    0.9154398336374568,
    0.9188803978926204,
    0.9188803978926204,
    0.9188803978926204,
    0.9059484895858008,
    0.9059484895858008,
    0.9027244685139423,
    0.9091693503319583,
    0.9124386122822808,
    0.9157028694233776,
    0.9124386122822808,
    0.9124386122822808,
    0.9120549218803147,
    0.9122222222222223,
    0.9091693503319583,
    0.9091693503319583,
    0.9091693503319583,
    0.9091693503319583,
    0.9124386122822808,
    0.9124386122822808,
    0.90921366896866,
    0.9059484895858008,
    0.9059484895858008,
    0.9059484895858008
  ],
  "test_acc": 0.9612903225806452,
  "test_f1": 0.9610849829231606,
  "runtime": 9.41,
  "pca_components": 475
}