{
  "optimizer": "Adam",
  "activation": "swish",
  "arch": [
    128,
    64
  ],
  "dropout": 0.1,
  "lr": 0.001,
  "epochs": 40,
  "train_loss": [
    0.8070588971078877,
    0.22030867931631912,
    0.05270458445703934,
    0.017318418817944083,
    0.006294539133731187,
    0.0030358434063568434,
    0.0023637632662629545,
    0.0016604982026786903,
    0.0010880532078810048,
    0.0008624544879493607,
    0.0007195642915064918,
    0.0006287809310560107,
    0.0005051961558710939,
    0.0004213465141491802,
    0.0004331108720443754,
    0.000545256170659612,
    0.0004407741168862295,
    0.00029123123202772514,
    0.0002753156754691725,
    0.0002147453227458332,
    0.0001826757791005832,
    0.00018683546106390737,
    0.00020816688782599618,
    0.00014005967964458437,
    0.00013805612557752273,
    0.00011890652169828077,
    9.525623631544888e-05,
    9.473259089591519e-05,
    0.00013513766686842313,
    9.251466610093927e-05,
    9.865391515457759e-05,
    8.839317615491949e-05,
    5.718937515410895e-05,
    8.09753423710092e-05,
    7.005248242626159e-05,
    7.574094538205392e-05,
    7.597809023902145e-05,
    4.6120952804281185e-05,
    6.806783427978637e-05,
    4.3808329443660325e-05
  ],
  "val_f1": [
    0.8695280883528312,
    0.915718204965029,
    0.9154564211355579,
    0.9254765360425737,
    0.9221368663631037,
    0.9252380952380953,
    0.915718204965029,
    0.9223300897529573,
    0.9223300897529573,
    0.9223300897529573,
    0.9223300897529573,
    0.9255907491201608,
    0.9255907491201608,
    0.9223300897529573,
    0.9255907491201608,
    0.9223749444852308,
    0.9257285467407961,
    0.9289714586109072,
    0.9289714586109072,
    0.9255907491201608,
    0.9289714586109072,
    0.9289714586109072,
    0.9255907491201608,
    0.9255907491201608,
    0.9257539515032128,
    0.9257285467407961,
    0.9257285467407961,
    0.9257285467407961,
    0.9257285467407961,
    0.9223300897529573,
    0.9255907491201608,
    0.9289714586109072,
    0.9289714586109072,
    0.9289714586109072,
    0.9289714586109072,
    0.9289714586109072,
    0.9289714586109072,
    0.9289714586109072,
    0.9289714586109072,
    0.9289714586109072
  ],
  "test_acc": 0.9548387096774194,
  "test_f1": 0.954593630163151,
  "runtime": 3.78,
  "pca_components": 475
}