{
  "optimizer": "AdamW",
  "activation": "gelu",
  "arch": [
    256,
    128,
    64
  ],
  "dropout": 0.1,
  "lr": 0.001,
  "epochs": 40,
  "train_loss": [
    0.6868207050851111,
    0.11570242825883524,
    0.02417823217630632,
    0.0064631442187705656,
    0.005846342326498466,
    0.0015914070768399046,
    0.0006642294934920209,
    0.00041140211849298577,
    0.000279278526182467,
    0.00022664672950036712,
    0.0002043107890386451,
    0.0001463154123803839,
    0.00015637130294803725,
    0.00010026458014940414,
    8.651055771336573e-05,
    8.387651201116e-05,
    7.379452638596875e-05,
    7.518861306083652e-05,
    5.7076090794211756e-05,
    6.37618061877745e-05,
    5.03608416052266e-05,
    5.066666427136898e-05,
    4.905121525136282e-05,
    4.526281630231561e-05,
    0.00010679182507433894,
    7.566483321861293e-05,
    3.7809419332738065e-05,
    3.935768830848141e-05,
    2.3091702566615138e-05,
    3.0603441814254844e-05,
    2.910591550583749e-05,
    2.7026126050276948e-05,
    2.4083144250319127e-05,
    2.5545220441100273e-05,
    2.636453739497293e-05,
    2.348472653461268e-05,
    2.3934255319382222e-05,
    2.242951368908405e-05,
    2.896280356437754e-05,
    1.4866743437806382e-05
  ],
  "val_f1": [
    0.9059013677339748,
    0.9222145108979157,
    0.925048271019835,
    0.929013582801768,
    0.9354585669228216,
    0.9225177055485202,
    0.9288496539742579,
    0.9352201428934102,
    0.9287958773252892,
    0.9287958773252892,
    0.9320527171269483,
    0.9320090828711519,
    0.9352201428934102,
    0.9352201428934102,
    0.9384829477842183,
    0.9384829477842183,
    0.9384829477842183,
    0.9384829477842183,
    0.9384829477842183,
    0.9352201428934102,
    0.9352201428934102,
    0.9352201428934102,
    0.9320090828711519,
    0.9350987730351982,
    0.9321765868160354,
    0.9352689793866263,
    0.9286086503387181,
    0.9284126984126985,
    0.9284126984126985,
    0.9284126984126985,
    0.9284126984126985,
    0.9284126984126985,
    0.9284126984126985,
    0.9316337196401022,
    0.9316337196401022,
    0.9316337196401022,
    0.9316337196401022,
    0.9316337196401022,
    0.9316337196401022,
    0.9316337196401022
  ],
  "test_acc": 0.9516129032258065,
  "test_f1": 0.9512768805777446,
  "runtime": 6.65,
  "pca_components": 475
}