{
  "optimizer": "AdamW",
  "activation": "elu",
  "arch": [
    64,
    32
  ],
  "dropout": 0.1,
  "lr": 0.001,
  "epochs": 40,
  "train_loss": [
    0.7556295243080359,
    0.25958079266782214,
    0.09826135510331267,
    0.05153877283231069,
    0.027664882750320537,
    0.01655112679059817,
    0.01152388456028562,
    0.008335035060273886,
    0.006226599168367063,
    0.004533084047429219,
    0.0035122450408683575,
    0.0032031618019792885,
    0.00225483571770869,
    0.0020750115250200716,
    0.0018635152315850168,
    0.0018577950528405522,
    0.001397011337796319,
    0.001251018663050207,
    0.0009820858698444477,
    0.0011499044233960645,
    0.0008458342524066281,
    0.0009227136797699694,
    0.0008765161217328346,
    0.0007637226150028965,
    0.0006474595859576621,
    0.0006235386835639888,
    0.0005056590819443291,
    0.0005063767483915193,
    0.0004679650116159489,
    0.00047335895617669593,
    0.0003709528607764943,
    0.0003451269419055609,
    0.0004105821206217362,
    0.00036189426998510125,
    0.0002736440376144106,
    0.00022766882258886786,
    0.00025917436169542327,
    0.0002374696499189187,
    0.0002470355760451032,
    0.0002814492518668721
  ],
  "val_f1": [
    0.8901523503341021,
    0.9055922658866035,
    0.9055620308850542,
    0.9020300139049309,
    0.8990389048882439,
    0.8960289243757229,
    0.8957692006523064,
    0.8925789793714323,
    0.8925789793714323,
    0.8893862224686965,
    0.8892056763165863,
    0.8859926528946235,
    0.8829912864476887,
    0.8859926528946235,
    0.8859926528946235,
    0.8862936568382113,
    0.8892978146090545,
    0.8860760105820322,
    0.8893702244065667,
    0.8827759368185202,
    0.8826809893898894,
    0.8892978146090545,
    0.8892978146090545,
    0.8892978146090545,
    0.8859926528946235,
    0.8859926528946235,
    0.8859926528946235,
    0.8859926528946235,
    0.8859926528946235,
    0.8925969525312997,
    0.8892978146090545,
    0.8892978146090545,
    0.8862936568382113,
    0.8862936568382113,
    0.8832875382330917,
    0.8800927115639728,
    0.8800927115639728,
    0.8830854414062811,
    0.8830854414062811,
    0.8862936568382113
  ],
  "test_acc": 0.9387096774193548,
  "test_f1": 0.9383288358768528,
  "runtime": 10.87,
  "pca_components": 475
}