{
  "optimizer": "AdamW",
  "activation": "relu",
  "arch": [
    256,
    128,
    64
  ],
  "dropout": 0.1,
  "lr": 0.001,
  "epochs": 40,
  "train_loss": [
    0.71364885092487,
    0.16092112571834685,
    0.027048539294650346,
    0.006438540556740039,
    0.002237240726359235,
    0.0011670256278143456,
    0.0007327727833623039,
    0.00047592699180404503,
    0.0004063020483526866,
    0.00028243722294178837,
    0.00025358204614032694,
    0.0001919716833463407,
    0.0002056484047322432,
    0.00014860409436663017,
    0.00015525974301286162,
    9.20583174444711e-05,
    0.00010039440876807549,
    9.892936063628128e-05,
    6.545136446941216e-05,
    0.00011887748101459402,
    5.1328784717373886e-05,
    4.617151835939715e-05,
    5.95822410651998e-05,
    4.8580544711979365e-05,
    4.3925326280679724e-05,
    5.0605929735799546e-05,
    4.609837395474677e-05,
    3.680756188038557e-05,
    3.8780149754070796e-05,
    4.842797515603369e-05,
    3.8393654230040974e-05,
    2.9871822240888345e-05,
    2.9693444984925953e-05,
    2.6042517775089746e-05,
    2.778862530835768e-05,
    2.0298370377509666e-05,
    1.7890709399200725e-05,
    2.7472258723224628e-05,
    2.7721718898750172e-05,
    2.4732666078563737e-05
  ],
  "val_f1": [
    0.8527030256901723,
    0.9322108093741694,
    0.9353720991652027,
    0.9288475889218201,
    0.9319585425147697,
    0.9352077330943934,
    0.9287065099944445,
    0.9287065099944445,
    0.9287065099944445,
    0.9287065099944445,
    0.9287065099944445,
    0.9351704707875307,
    0.9350308972497879,
    0.9319397592381843,
    0.9350308972497879,
    0.9351947884694622,
    0.9319397592381843,
    0.9384468209897875,
    0.9351947884694622,
    0.9415408439798684,
    0.9415408439798684,
    0.9415408439798684,
    0.9415408439798684,
    0.9350308972497879,
    0.9350308972497879,
    0.9350308972497879,
    0.9382762726822133,
    0.9382762726822133,
    0.9382762726822133,
    0.9350132454610067,
    0.9350132454610067,
    0.9350132454610067,
    0.9350132454610067,
    0.9350132454610067,
    0.9350132454610067,
    0.9350132454610067,
    0.9350132454610067,
    0.9350132454610067,
    0.9316242998707454,
    0.9316242998707454
  ],
  "test_acc": 0.9612903225806452,
  "test_f1": 0.9610840408481351,
  "runtime": 11.58,
  "pca_components": 475
}