{
  "optimizer": "Adam",
  "activation": "swish",
  "arch": [
    64,
    32
  ],
  "dropout": 0.1,
  "lr": 0.001,
  "epochs": 40,
  "train_loss": [
    0.9025861200881042,
    0.4145701698089172,
    0.14371849135999207,
    0.05450759442936932,
    0.029085847796249037,
    0.0162984034833978,
    0.00872330884777326,
    0.005630448704838178,
    0.004275265490532777,
    0.003061650691315609,
    0.004172590256928135,
    0.001983039933640055,
    0.002327323665656049,
    0.0015402212934999368,
    0.0012391632089151883,
    0.00114487803115541,
    0.0007575265261638889,
    0.000840238554588486,
    0.0008072789438818333,
    0.0005765213670890134,
    0.0007126732504200325,
    0.0024011015296325922,
    0.0006397766214051454,
    0.0004054032132018136,
    0.0005387426038999601,
    0.000575136717441739,
    0.00033109830371783007,
    0.0003539819791044898,
    0.00029041951746044096,
    0.0002392517761156993,
    0.0008730614221140827,
    0.00031076473079914596,
    0.0007097060319218941,
    0.00029350837167266784,
    0.0002498164799840943,
    0.0004893530155380437,
    0.0002415022206990775,
    0.00041574296105220703,
    0.0002828322363673127,
    0.00039471052922688806
  ],
  "val_f1": [
    0.8139017682407746,
    0.9116267515800227,
    0.9153044240233742,
    0.9186082828786746,
    0.9186807203283691,
    0.922015350452114,
    0.9187904229983438,
    0.9220675376597415,
    0.9218616330185263,
    0.9218616330185263,
    0.9284154453394938,
    0.9219145771050684,
    0.928440938056303,
    0.9188681297761824,
    0.9251666096253937,
    0.9251666096253937,
    0.9251666096253937,
    0.9219145771050684,
    0.9251666096253937,
    0.9218951271352118,
    0.9217975194902056,
    0.921751646470954,
    0.9251406080232997,
    0.9251406080232997,
    0.9218951271352118,
    0.9186466032488593,
    0.9219145771050684,
    0.9186466032488593,
    0.9186466032488593,
    0.9219145771050684,
    0.9186196660740323,
    0.9218140654373954,
    0.9120987241247649,
    0.9088544907266476,
    0.9120987241247649,
    0.912126596872325,
    0.9153945707285341,
    0.9153945707285341,
    0.9153748089309297,
    0.9185080259262417
  ],
  "test_acc": 0.9451612903225807,
  "test_f1": 0.944842780981395,
  "runtime": 3.38,
  "pca_components": 475
}