{
  "optimizer": "AdamW",
  "activation": "swish",
  "arch": [
    256,
    128,
    64
  ],
  "dropout": 0.1,
  "lr": 0.001,
  "epochs": 40,
  "train_loss": [
    0.702490144163258,
    0.14479289807263018,
    0.03261426136238554,
    0.012982839116298245,
    0.00289147360511302,
    0.0014064596560615856,
    0.0007021803501041555,
    0.000426603304065567,
    0.00037016757837378465,
    0.0002823716461130186,
    0.00021742490827115457,
    0.00021099825710136415,
    0.00016997572831438043,
    0.00013210340199193763,
    0.00012425374404503793,
    0.0001264883736858303,
    0.00010707491531351378,
    9.850978728946068e-05,
    0.00017060757319962633,
    6.750376587342862e-05,
    0.00013130606418326204,
    6.347584236038464e-05,
    7.008030850814997e-05,
    5.603444343520456e-05,
    4.1817852160174114e-05,
    3.7453293769293216e-05,
    3.5615794079086676e-05,
    4.6195234407820087e-05,
    4.178058664024381e-05,
    3.102238605251892e-05,
    2.5500151688986557e-05,
    3.19379062313191e-05,
    2.318705890701542e-05,
    2.8662704935288722e-05,
    3.082575485966459e-05,
    1.9354760297574103e-05,
    2.73818654460141e-05,
    2.1517322940219367e-05,
    2.424133579443679e-05,
    1.5321079656970074e-05
  ],
  "val_f1": [
    0.9116226736784204,
    0.9116539747349055,
    0.8994488410250833,
    0.9056022942815396,
    0.8992224411553352,
    0.9089311790194129,
    0.9025109131943382,
    0.9088634479806581,
    0.9056388364298343,
    0.9088634479806581,
    0.9088634479806581,
    0.9025109131943382,
    0.9025109131943382,
    0.9025109131943382,
    0.9025109131943382,
    0.9025109131943382,
    0.9058100315526058,
    0.9058100315526058,
    0.9152142849692835,
    0.9119158200290277,
    0.9121597783791017,
    0.9121597783791017,
    0.9121597783791017,
    0.9121597783791017,
    0.9121597783791017,
    0.9121597783791017,
    0.9121597783791017,
    0.9121597783791017,
    0.9121597783791017,
    0.9121597783791017,
    0.9121597783791017,
    0.9121597783791017,
    0.9121597783791017,
    0.9121597783791017,
    0.9121597783791017,
    0.9121597783791017,
    0.9121597783791017,
    0.9121597783791017,
    0.9121597783791017,
    0.9121597783791017
  ],
  "test_acc": 0.9516129032258065,
  "test_f1": 0.9514191437092636,
  "runtime": 11.1,
  "pca_components": 475
}