{
  "optimizer": "Adam",
  "activation": "gelu",
  "arch": [
    256,
    128,
    64
  ],
  "dropout": 0.1,
  "lr": 0.001,
  "epochs": 40,
  "train_loss": [
    0.6973452593784553,
    0.1429934547388243,
    0.03021660573048354,
    0.009130073457858247,
    0.003853966061743293,
    0.0021654034665733253,
    0.0008760486643368378,
    0.0004980350389142122,
    0.0003827928898989837,
    0.00021238976387147828,
    0.0004074785274374807,
    0.0006730315277241116,
    0.0027447111450161444,
    0.0005923570428692992,
    0.00034393603631909084,
    0.00010275222155130057,
    8.584370767355021e-05,
    7.19321898311277e-05,
    8.460997818691647e-05,
    6.505213923030865e-05,
    5.6094541310730556e-05,
    6.619840786785324e-05,
    4.9102854600585074e-05,
    3.403500564604863e-05,
    4.845898080571444e-05,
    3.805028705044478e-05,
    3.4506188073169714e-05,
    2.3813983592575464e-05,
    2.856749793010623e-05,
    2.8303259634976428e-05,
    2.5856807349158662e-05,
    2.5300543356449866e-05,
    4.022343563891769e-05,
    1.7872868801338866e-05,
    1.8204647814379868e-05,
    1.9389211319643882e-05,
    1.81482441370406e-05,
    1.789388558161433e-05,
    1.077664106195265e-05,
    1.4959948569325923e-05
  ],
  "val_f1": [
    0.898905132930872,
    0.9165456056848195,
    0.9319653425824025,
    0.9035753450557761,
    0.9123321820637641,
    0.9127073906485671,
    0.9189625876932378,
    0.9094610762161133,
    0.9093823599268246,
    0.8999691081080264,
    0.9156296444278973,
    0.9129117980692194,
    0.9224352669248779,
    0.9157954606600005,
    0.9187904229983438,
    0.9187904229983438,
    0.9220675376597415,
    0.9220675376597415,
    0.9220675376597415,
    0.9253406216855674,
    0.925451173465711,
    0.925451173465711,
    0.925451173465711,
    0.925451173465711,
    0.925451173465711,
    0.925451173465711,
    0.925470264039752,
    0.925470264039752,
    0.925470264039752,
    0.9224063650892919,
    0.9224063650892919,
    0.9224063650892919,
    0.9222305615494469,
    0.9222305615494469,
    0.925470264039752,
    0.925470264039752,
    0.9222305615494469,
    0.9222305615494469,
    0.9222305615494469,
    0.9222305615494469
  ],
  "test_acc": 0.9580645161290322,
  "test_f1": 0.9579738962716892,
  "runtime": 5.64,
  "pca_components": 475
}