{
  "optimizer": "AdamW",
  "activation": "swish",
  "arch": [
    64,
    32
  ],
  "dropout": 0.1,
  "lr": 0.001,
  "epochs": 40,
  "train_loss": [
    0.9083149210460215,
    0.40154165741919895,
    0.1431241249480255,
    0.05313539299101936,
    0.027881796568463797,
    0.013537716700178443,
    0.008040042959790899,
    0.01195651086146486,
    0.007741567775349249,
    0.004237472842327349,
    0.005391398593030655,
    0.002661098902442786,
    0.002033260773986101,
    0.0017514367226657526,
    0.0012286872001321743,
    0.001078612561471161,
    0.0009847989286691343,
    0.0006674015197230102,
    0.0006247264808343174,
    0.0005014927763244636,
    0.0006396743102629647,
    0.0005382672762113758,
    0.0005348246895786798,
    0.00040610206087998886,
    0.0004708673982846442,
    0.0009167182214754587,
    0.00046713506132103764,
    0.0003761061451073702,
    0.00031209863996211923,
    0.00039084308298236716,
    0.0002601497889567901,
    0.0002320486256788687,
    0.00026424399150402455,
    0.0002109179734891378,
    0.0003083253413591095,
    0.0002096686874697755,
    0.0002320257888234162,
    0.00027797912959237576,
    0.0002447192595968369,
    0.0002212320174683725
  ],
  "val_f1": [
    0.8511955699226202,
    0.9314667392438366,
    0.9383443503810275,
    0.9152087264434642,
    0.915451497223695,
    0.922015350452114,
    0.9187301587301587,
    0.9123639099652806,
    0.8928811654111483,
    0.8964325808450186,
    0.9059484895858007,
    0.9060470546538658,
    0.906242220562609,
    0.9125048211735519,
    0.909288127860607,
    0.909288127860607,
    0.9058896050329518,
    0.9026713124274099,
    0.9059530608359849,
    0.9093315711972328,
    0.9093315711972328,
    0.9123639099652806,
    0.9089829805462816,
    0.9122190717307229,
    0.9156020131629887,
    0.9158201569697061,
    0.9125559469465646,
    0.9096508919218923,
    0.9125048211735519,
    0.909445139323188,
    0.9158201569697061,
    0.9190442254215826,
    0.9158201569697061,
    0.912770236299648,
    0.912770236299648,
    0.912592020804362,
    0.9156263138272135,
    0.912770236299648,
    0.9097179449178373,
    0.9064576894375409
  ],
  "test_acc": 0.9548387096774194,
  "test_f1": 0.954593630163151,
  "runtime": 4.13,
  "pca_components": 475
}