{
  "optimizer": "Adam",
  "activation": "elu",
  "arch": [
    128,
    64
  ],
  "dropout": 0.1,
  "lr": 0.001,
  "epochs": 40,
  "train_loss": [
    0.5560112468589692,
    0.13205104399795106,
    0.05112617602809811,
    0.023574899639102673,
    0.010320207000383932,
    0.005691703527187904,
    0.004217490310003683,
    0.002741133775107457,
    0.0018592544717309664,
    0.0017774479571156777,
    0.0013102685397957648,
    0.0011026953606178987,
    0.00089880170584377,
    0.0007165601815689694,
    0.0006462530036912597,
    0.0005566897551939681,
    0.0004916803733339371,
    0.00043906057224360473,
    0.0003646825342251091,
    0.00036088572204803857,
    0.00039839751103317047,
    0.00029155177092357506,
    0.0002522280259759205,
    0.00024904425427790545,
    0.00024249613200336386,
    0.00025383247642573963,
    0.00019362284114657032,
    0.00021681998545249205,
    0.000162634440060733,
    0.00014629365666437547,
    0.000137285325385822,
    0.00013473894005724504,
    0.00012980246762642412,
    0.00011266377427259655,
    0.0001157564261191509,
    0.00011038501712991541,
    0.00010941741171672235,
    9.211911495979666e-05,
    9.991370883512726e-05,
    8.363733535850088e-05
  ],
  "val_f1": [
    0.8977073645638174,
    0.9060360953402817,
    0.8939308963861228,
    0.9056388364298343,
    0.9062111028130445,
    0.8991178944805669,
    0.8925157788914336,
    0.9024957237054645,
    0.8994583668893205,
    0.8991178944805669,
    0.896094809737988,
    0.896094809737988,
    0.8927991150763428,
    0.8927991150763428,
    0.8929682441928404,
    0.8932252388134742,
    0.8964192945590405,
    0.8901089916670766,
    0.8933802939799941,
    0.8933802939799941,
    0.8964192945590405,
    0.8931348904121181,
    0.8964352204451215,
    0.8929816626595888,
    0.8964352204451215,
    0.8964932126696833,
    0.896705908103122,
    0.8932252388134742,
    0.8933802939799941,
    0.8964932126696833,
    0.9027398040555935,
    0.8993045733144743,
    0.8929682441928404,
    0.8960043709454549,
    0.8990389048882439,
    0.8960317460317461,
    0.8990389048882439,
    0.8897784515293634,
    0.8897784515293634,
    0.8928145782819782
  ],
  "test_acc": 0.9419354838709677,
  "test_f1": 0.941610924643132,
  "runtime": 3.63,
  "pca_components": 475
}