{
  "optimizer": "AdamW",
  "activation": "leaky",
  "arch": [
    256,
    128,
    64
  ],
  "dropout": 0.1,
  "lr": 0.001,
  "epochs": 40,
  "train_loss": [
    0.6616275274165219,
    0.1253694768317721,
    0.03136703724547822,
    0.010850383513208179,
    0.0034874056858191444,
    0.001285292472712387,
    0.0012162697903423422,
    0.0006407961782542893,
    0.0004066331964626474,
    0.00034006023139616616,
    0.00022231369075989587,
    0.00018363090663681928,
    0.00020785469560715452,
    0.00015337694705156203,
    0.00012179973697983964,
    0.0001741439948106404,
    0.00011195943037691542,
    0.00010384957926926985,
    9.335203517814262e-05,
    9.39937732385149e-05,
    8.87684205606991e-05,
    6.0522953256756274e-05,
    7.208827013177912e-05,
    5.928862257993674e-05,
    5.9415069406190755e-05,
    5.343344801438492e-05,
    4.921259651950087e-05,
    6.144682793865212e-05,
    4.006185723398086e-05,
    3.6690358845148504e-05,
    2.9573179611494975e-05,
    5.540317950523276e-05,
    2.749326150594197e-05,
    3.326598110460435e-05,
    2.2282745673372788e-05,
    1.6927010134983617e-05,
    2.4755942643943682e-05,
    2.2930267998736276e-05,
    2.334134538841987e-05,
    1.5730608394108035e-05
  ],
  "val_f1": [
    0.8936666810214241,
    0.9191176470588235,
    0.9126482124137958,
    0.9254819927184984,
    0.9057638405303342,
    0.918928734978761,
    0.9090635386314377,
    0.9123572718958103,
    0.9123572718958103,
    0.918928734978761,
    0.9156455136030942,
    0.9123572718958103,
    0.918928734978761,
    0.918928734978761,
    0.9123572718958103,
    0.9092735828694659,
    0.9092735828694659,
    0.9156455136030942,
    0.9187301587301587,
    0.9156455136030942,
    0.9123572718958103,
    0.9123572718958103,
    0.9123572718958103,
    0.9121439008231461,
    0.9154398336374568,
    0.9123572718958103,
    0.9123572718958103,
    0.9154398336374568,
    0.9154398336374568,
    0.9154398336374568,
    0.9154398336374568,
    0.9092735828694659,
    0.9092735828694659,
    0.9123572718958103,
    0.9154398336374568,
    0.9154398336374568,
    0.9123572718958103,
    0.9123572718958103,
    0.9123572718958103,
    0.9123572718958103
  ],
  "test_acc": 0.9612903225806452,
  "test_f1": 0.9610849829231606,
  "runtime": 6.45,
  "pca_components": 475
}