{
  "optimizer": "Adam",
  "activation": "relu",
  "arch": [
    64,
    32
  ],
  "dropout": 0.1,
  "lr": 0.001,
  "epochs": 40,
  "train_loss": [
    0.9225175025932503,
    0.4731804444271753,
    0.18977452125630756,
    0.07979162710489862,
    0.03665627032466285,
    0.01928935967227459,
    0.011461821027528926,
    0.008097244810359077,
    0.005586020779736328,
    0.004584190531833184,
    0.0033486765489230685,
    0.0021590295529159338,
    0.0020300825970464564,
    0.002016312897860635,
    0.0015131857181283545,
    0.0016011549395345244,
    0.0033341519919685234,
    0.003041941773511105,
    0.0014161047146336494,
    0.0012418765572145725,
    0.0010126264803087756,
    0.0009944132263319428,
    0.0009439607080472761,
    0.0005606567911106608,
    0.0014587189469159837,
    0.0007426898893290898,
    0.0007093967132832409,
    0.0005733086313409241,
    0.0005170639289998126,
    0.0004775813633436763,
    0.00034495139668715103,
    0.0002830275638645999,
    0.00029196458574530564,
    0.0002625142512196748,
    0.0005421386952476428,
    0.0002690930357329896,
    0.0008288143824692264,
    0.0002732784024682978,
    0.00034558412747466425,
    0.00024187133373531724
  ],
  "val_f1": [
    0.8009394885767779,
    0.9187709607790251,
    0.9153853257711927,
    0.9223652935086691,
    0.9218002123662501,
    0.9188201167776974,
    0.9189233331701571,
    0.9189233331701571,
    0.9189233331701571,
    0.9189233331701571,
    0.915725433089816,
    0.915725433089816,
    0.915725433089816,
    0.9191229119649056,
    0.9191229119649056,
    0.9160608476775636,
    0.9191229119649056,
    0.9187834654101521,
    0.9219047619047619,
    0.9185448834331199,
    0.9154900929653405,
    0.9154900929653405,
    0.9154900929653405,
    0.9154900929653405,
    0.9121920586178245,
    0.9153968253968254,
    0.9153968253968254,
    0.9155168295577374,
    0.9123287640176878,
    0.9186986008667076,
    0.9220726478293583,
    0.9220726478293583,
    0.9220726478293583,
    0.9251313730899042,
    0.9155168295577374,
    0.9123287640176878,
    0.9188201167776974,
    0.921995551203472,
    0.921995551203472,
    0.921995551203472
  ],
  "test_acc": 0.9451612903225807,
  "test_f1": 0.9447697437470245,
  "runtime": 3.4,
  "pca_components": 475
}