{
  "optimizer": "AdamW",
  "activation": "leaky",
  "arch": [
    64,
    32
  ],
  "dropout": 0.1,
  "lr": 0.001,
  "epochs": 40,
  "train_loss": [
    0.9205693633983442,
    0.39375367618179435,
    0.13317726707990737,
    0.052725829499672985,
    0.027012304149141245,
    0.015335525806358002,
    0.011211641837210025,
    0.0074553352023783975,
    0.006110535162055665,
    0.005287640396470025,
    0.00428828622218003,
    0.002831492565836905,
    0.0030777938443528126,
    0.0023931673589659,
    0.0013081555913836268,
    0.0016960615630729015,
    0.001047277647620209,
    0.001421887366887184,
    0.0010845709621912292,
    0.0008395812036772672,
    0.0009440408697439453,
    0.0007068012385260831,
    0.0008866735723086559,
    0.0013201983220570417,
    0.0013151713833563538,
    0.0007409004743771897,
    0.0008248579751305891,
    0.0006293725400473142,
    0.0006654118595261362,
    0.00035765963672008266,
    0.0007492263908034269,
    0.00037219226179283164,
    0.0003950638672003283,
    0.0003228223319411828,
    0.00037230719906492627,
    0.0002400586811771527,
    0.0002834320693778617,
    0.0001456436666829675,
    0.0002818579092546365,
    0.0004953821531914227
  ],
  "val_f1": [
    0.8913382101393893,
    0.9250446019139374,
    0.9188209480288688,
    0.9152087264434642,
    0.9186082828786746,
    0.918928734978761,
    0.9220675376597415,
    0.9186082828786746,
    0.9223749444852308,
    0.9130258899676376,
    0.9099569797203059,
    0.9131347943914222,
    0.9191176470588235,
    0.9124740019207646,
    0.9126445449974862,
    0.9158562248398909,
    0.9126445449974862,
    0.9159023000486415,
    0.9126445449974862,
    0.9159023000486415,
    0.9067090542700299,
    0.9128402357612995,
    0.9128402357612995,
    0.9000018130229438,
    0.9033888620114426,
    0.9000809061488674,
    0.9000809061488674,
    0.8968935165642637,
    0.8968935165642637,
    0.8964998504500095,
    0.8996983408748115,
    0.9031273319979576,
    0.9031273319979576,
    0.8999265200193861,
    0.8999265200193861,
    0.8999265200193861,
    0.8999265200193861,
    0.8999265200193861,
    0.9031784000125072,
    0.8966009058962582
  ],
  "test_acc": 0.9451612903225807,
  "test_f1": 0.9447452034553591,
  "runtime": 7.34,
  "pca_components": 475
}