{
  "optimizer": "AdamW",
  "activation": "relu",
  "arch": [
    128,
    64
  ],
  "dropout": 0.1,
  "lr": 0.001,
  "epochs": 40,
  "train_loss": [
    0.773054547547781,
    0.22555008729005002,
    0.05086568198625185,
    0.016073089537590006,
    0.007241267873296595,
    0.004138202678506195,
    0.002629789045218813,
    0.0020479880880945257,
    0.0013590836283791411,
    0.0013352818798135155,
    0.0010579366014581801,
    0.0008386114237644931,
    0.0006985657414067747,
    0.0005453352919667498,
    0.0004989664230484462,
    0.0004666102362438839,
    0.0004027841123442314,
    0.0003456494253188697,
    0.0003092140139688273,
    0.00030267500423041243,
    0.00027935884030584943,
    0.0002457980783440818,
    0.00022685645467525255,
    0.00022100489571562308,
    0.00016086669285874863,
    0.00017099243012242392,
    0.0002060932779061005,
    0.00016492737543716203,
    0.00014648262872985932,
    0.00014677627259242183,
    0.00011789147730343053,
    0.00013914190916529385,
    0.00011019883846904167,
    0.00016389278375837828,
    0.00018171213315068088,
    0.0001351025958591283,
    0.00010335418367940625,
    8.934373928711415e-05,
    9.055537389987549e-05,
    9.269998963621313e-05
  ],
  "val_f1": [
    0.8982544703649792,
    0.9124600870827285,
    0.9253430538863315,
    0.9321554940076949,
    0.9319089803717214,
    0.9286434086119867,
    0.9351704707875307,
    0.9351704707875307,
    0.9351704707875307,
    0.9351704707875307,
    0.9285218927009972,
    0.9318013394746067,
    0.9351704707875307,
    0.9316242998707454,
    0.9319089803717214,
    0.9350132454610067,
    0.9286434086119867,
    0.9286434086119867,
    0.9317460317460317,
    0.9284741619781749,
    0.9317460317460317,
    0.9317460317460317,
    0.9317460317460317,
    0.9317460317460317,
    0.9317460317460317,
    0.9350132454610067,
    0.925048271019835,
    0.9283387523640924,
    0.9283387523640924,
    0.9316242998707454,
    0.9316242998707454,
    0.9285218927009972,
    0.9319089803717214,
    0.9316242998707454,
    0.9317460317460317,
    0.932015014688282,
    0.9224356075930289,
    0.9256977274880088,
    0.9256977274880088,
    0.9224356075930289
  ],
  "test_acc": 0.967741935483871,
  "test_f1": 0.9676344896933132,
  "runtime": 3.91,
  "pca_components": 475
}