{
  "optimizer": "Adam",
  "activation": "leaky",
  "arch": [
    128,
    64
  ],
  "dropout": 0.1,
  "lr": 0.001,
  "epochs": 40,
  "train_loss": [
    0.7701388335215141,
    0.20036751689161902,
    0.05083081578898969,
    0.016377891240778743,
    0.006846571571357456,
    0.006307622890106857,
    0.0029803918870541014,
    0.0020441395161268135,
    0.0016905210312053104,
    0.0010797007862869761,
    0.0010283920882185075,
    0.0008976297280395473,
    0.0007477116840569034,
    0.0006782785227728658,
    0.0004368424001359775,
    0.0005310316481421809,
    0.00042702443864847315,
    0.000348355529063892,
    0.0003971980517289902,
    0.0003544477932474507,
    0.00030608698248770947,
    0.0002186749226591531,
    0.0002209453817454269,
    0.00020672393267129604,
    0.00015868530667578824,
    0.00016939512952320127,
    0.00017129415230367914,
    0.00013955101667086577,
    0.00014523912031509607,
    0.00012706087365066979,
    0.0001361820987000099,
    0.00011088962905571897,
    0.00010192175385688875,
    9.273317228377224e-05,
    7.858475765774609e-05,
    0.00012731395937119636,
    9.215841229183862e-05,
    9.043139606551304e-05,
    9.882368218414569e-05,
    0.00010283451374248879
  ],
  "val_f1": [
    0.9051895715668582,
    0.9159680425530854,
    0.9123270368942605,
    0.9191691543630632,
    0.9192399609683228,
    0.918928734978761,
    0.9221368663631037,
    0.9191176470588235,
    0.9191176470588235,
    0.919034623242544,
    0.9191176470588235,
    0.9191176470588235,
    0.9191176470588235,
    0.9191176470588235,
    0.9191176470588235,
    0.9191176470588235,
    0.9191176470588235,
    0.9191176470588235,
    0.9191176470588235,
    0.9158408892982396,
    0.9158408892982396,
    0.9158408892982396,
    0.9158408892982396,
    0.9158408892982396,
    0.9158408892982396,
    0.9158408892982396,
    0.9158408892982396,
    0.9158408892982396,
    0.9158408892982396,
    0.9191176470588235,
    0.9191176470588235,
    0.9191176470588235,
    0.9191176470588235,
    0.9191176470588235,
    0.9191176470588235,
    0.9191176470588235,
    0.9191176470588235,
    0.9191176470588235,
    0.9191176470588235,
    0.9191176470588235
  ],
  "test_acc": 0.9451612903225807,
  "test_f1": 0.9447619047619048,
  "runtime": 3.5,
  "pca_components": 475
}