{
  "optimizer": "Adam",
  "activation": "leaky",
  "arch": [
    256,
    128,
    64
  ],
  "dropout": 0.1,
  "lr": 0.001,
  "epochs": 40,
  "train_loss": [
    0.6698575624058873,
    0.1356632904404591,
    0.020346557104561742,
    0.0066601366001369676,
    0.003543960509735103,
    0.0015684632251175413,
    0.00117322898955558,
    0.00046815925802296053,
    0.0004078030580982382,
    0.0002766715310276446,
    0.00022824228565854128,
    0.0002502342941543644,
    0.0002695731911827039,
    0.0001733591945829116,
    0.00012809072366258922,
    0.00013998786511929906,
    0.00010515529460694757,
    9.285121182174657e-05,
    0.00010739357111501623,
    0.00013239890991697381,
    9.00064103362702e-05,
    7.214528746520506e-05,
    5.872476345496351e-05,
    4.623818207173171e-05,
    4.126034963117822e-05,
    4.999305517488652e-05,
    4.192193215901242e-05,
    4.275407172233616e-05,
    4.576021695690908e-05,
    4.3366672738835475e-05,
    4.254675992815132e-05,
    3.0272808981775335e-05,
    2.6261794307755296e-05,
    2.8759407742504166e-05,
    3.1379480181362594e-05,
    2.8794149384564156e-05,
    2.4093993405179377e-05,
    2.5925577961972416e-05,
    2.2356940563514606e-05,
    2.0040097898198982e-05
  ],
  "val_f1": [
    0.9025310475672162,
    0.9252958812364752,
    0.9253910830643504,
    0.9088418837900499,
    0.9255167173309676,
    0.9122849647602123,
    0.915562853493888,
    0.9188364018746658,
    0.9156020131629887,
    0.9156020131629887,
    0.9188681297761824,
    0.9188681297761824,
    0.9187904229983438,
    0.9187904229983438,
    0.9187904229983438,
    0.9220675376597415,
    0.9220675376597415,
    0.9187904229983438,
    0.9188364018746658,
    0.9157389423152841,
    0.912470910428491,
    0.9157389423152841,
    0.9125130767599007,
    0.9125130767599007,
    0.9125130767599007,
    0.9125130767599007,
    0.9125130767599007,
    0.9125130767599007,
    0.9125130767599007,
    0.915772795029761,
    0.9125130767599007,
    0.9125130767599007,
    0.9125130767599007,
    0.9125130767599007,
    0.9125130767599007,
    0.9125130767599007,
    0.9125130767599007,
    0.9125130767599007,
    0.9125130767599007,
    0.9125130767599007
  ],
  "test_acc": 0.9580645161290322,
  "test_f1": 0.9577777777777778,
  "runtime": 5.03,
  "pca_components": 475
}