{
  "optimizer": "Adam",
  "activation": "relu",
  "arch": [
    256,
    128,
    64
  ],
  "dropout": 0.1,
  "lr": 0.001,
  "epochs": 40,
  "train_loss": [
    0.6714198364805573,
    0.14112292573200624,
    0.027764382270046892,
    0.007531092920088354,
    0.002877397829161495,
    0.001250209612699657,
    0.0007961757548587672,
    0.000725300051678962,
    0.0004558764108186893,
    0.0004745564841983536,
    0.0003300965184780849,
    0.000296445046709491,
    0.00022825102162790236,
    0.00019151311501691977,
    0.00024426366586059186,
    0.00018628360702021969,
    0.00017331102700181986,
    0.0001260525040416861,
    0.00012098329462817504,
    7.945837068797313e-05,
    8.531460711904437e-05,
    6.86649489315137e-05,
    6.750865554444133e-05,
    5.799938943242291e-05,
    5.37576844381953e-05,
    5.617626881198842e-05,
    4.21037013571836e-05,
    5.3693279229404514e-05,
    4.246819652531811e-05,
    4.4721134616357125e-05,
    0.0001475743120492294,
    0.00017559937125547674,
    0.00015745727782366702,
    0.0001773768316607774,
    7.233868399711865e-05,
    8.101920508780207e-05,
    6.214574225186913e-05,
    0.00010079583628047285,
    5.9831429991127696e-05,
    8.46720316355966e-05
  ],
  "val_f1": [
    0.8988033103982825,
    0.9186082828786746,
    0.9190442254215826,
    0.9185217099909043,
    0.9285218927009972,
    0.9221368663631037,
    0.9155582764715818,
    0.9186555582781998,
    0.9155582764715818,
    0.921949475051478,
    0.9186555582781998,
    0.9186555582781998,
    0.921949475051478,
    0.9252380952380953,
    0.921949475051478,
    0.921949475051478,
    0.921949475051478,
    0.921949475051478,
    0.921949475051478,
    0.921949475051478,
    0.921949475051478,
    0.921949475051478,
    0.9252380952380953,
    0.921949475051478,
    0.921949475051478,
    0.921949475051478,
    0.9252380952380953,
    0.9252380952380953,
    0.921949475051478,
    0.921949475051478,
    0.9318765693979857,
    0.9086162115411657,
    0.9188681297761824,
    0.9154398336374568,
    0.9187301587301587,
    0.9122849647602123,
    0.9122849647602123,
    0.9122849647602123,
    0.9092290045103112,
    0.9155088082032309
  ],
  "test_acc": 0.967741935483871,
  "test_f1": 0.9677601809954751,
  "runtime": 4.97,
  "pca_components": 475
}