{
  "optimizer": "Adam",
  "activation": "swish",
  "arch": [
    256,
    128,
    64
  ],
  "dropout": 0.1,
  "lr": 0.001,
  "epochs": 40,
  "train_loss": [
    0.7044273522061774,
    0.14694088012142376,
    0.028978070503638306,
    0.0069896372214496745,
    0.0025147670907349597,
    0.0011965731590196324,
    0.0005850366077759529,
    0.00045778665234310283,
    0.0002938152424608202,
    0.0003026093774459705,
    0.0001456938628127272,
    0.00015183706646087526,
    0.0001286101294156966,
    0.00011813522150189951,
    9.666597322851916e-05,
    9.217101589871736e-05,
    9.875025442632772e-05,
    8.534773948583224e-05,
    4.904710022191431e-05,
    5.941234186260475e-05,
    4.741514869782051e-05,
    4.4569762984552545e-05,
    5.202782328336346e-05,
    4.0348086664813855e-05,
    3.973552890484146e-05,
    4.518811698214594e-05,
    2.7462083631140447e-05,
    3.943943869820131e-05,
    3.2183298223081206e-05,
    3.2664246493031814e-05,
    2.5019439141080184e-05,
    2.637077461558155e-05,
    2.0080508562874248e-05,
    1.79742986833323e-05,
    1.8839715547543167e-05,
    2.5876453523013104e-05,
    1.7862000066225592e-05,
    1.3036332098616502e-05,
    1.457746821538194e-05,
    1.746566670973329e-05
  ],
  "val_f1": [
    0.8817590406364979,
    0.9113128589172429,
    0.9285429996758846,
    0.9223147542113059,
    0.9159177837597774,
    0.9290438825369502,
    0.9191872043813792,
    0.9287973285146526,
    0.9255325038966001,
    0.9255325038966001,
    0.9286101432442896,
    0.9318448414964692,
    0.9318448414964692,
    0.9318448414964692,
    0.9286101432442896,
    0.9287191473219202,
    0.925372349587084,
    0.925372349587084,
    0.9221060782036391,
    0.9221060782036391,
    0.9221060782036391,
    0.925372349587084,
    0.9221060782036391,
    0.9221060782036391,
    0.9221060782036391,
    0.9221060782036391,
    0.9253406216855674,
    0.9253406216855674,
    0.9253406216855674,
    0.9319397592381843,
    0.9319397592381843,
    0.9285722218255952,
    0.9285722218255952,
    0.9285722218255952,
    0.9285722218255952,
    0.9318448414964692,
    0.9318448414964692,
    0.9319585425147697,
    0.9319585425147697,
    0.9286101432442896
  ],
  "test_acc": 0.9483870967741935,
  "test_f1": 0.9481022774031415,
  "runtime": 5.09,
  "pca_components": 475
}