{
  "optimizer": "Adam",
  "activation": "gelu",
  "arch": [
    64,
    32
  ],
  "dropout": 0.1,
  "lr": 0.001,
  "epochs": 40,
  "train_loss": [
    0.9127845793657883,
    0.4396591473244543,
    0.1456223201205039,
    0.05356547810465915,
    0.022252038372715614,
    0.011922890517336877,
    0.00706175184105295,
    0.004649172735454212,
    0.004379987447327386,
    0.004801452127630978,
    0.0025236412662123,
    0.002280254375297629,
    0.0013866738727198967,
    0.00158896358558335,
    0.001139096846555286,
    0.000967823097566958,
    0.0008435150988507944,
    0.00101260110588605,
    0.0009014274097874865,
    0.0008953309095915028,
    0.0006471304020954318,
    0.0005772396437949174,
    0.0003891334724493395,
    0.00038576810629257477,
    0.0004071074612077973,
    0.0005827072917595662,
    0.00040099867415424557,
    0.0003341835989518603,
    0.00028837794362888747,
    0.0003022373578133925,
    0.0002089516501758193,
    0.0002741224651400493,
    0.00030579783740081635,
    0.00024145191922545956,
    0.00015185586760580065,
    0.00015454234643168298,
    0.00017174740082700424,
    0.0001178856395243088,
    0.00026316224326994206,
    0.00011990611663676948
  ],
  "val_f1": [
    0.8524213170722402,
    0.9249727606156868,
    0.9252016622776366,
    0.9284290813522617,
    0.9221368663631037,
    0.9251314088754846,
    0.9284290813522617,
    0.9284290813522617,
    0.925048271019835,
    0.9282317821238841,
    0.9282317821238841,
    0.9252380952380953,
    0.9283387523640924,
    0.9316242998707454,
    0.9283387523640924,
    0.9283387523640924,
    0.9283387523640924,
    0.9283387523640924,
    0.9217523788600445,
    0.925048271019835,
    0.9282890079726244,
    0.9249276230408304,
    0.9249276230408304,
    0.9249276230408304,
    0.9251011738739351,
    0.9283387523640924,
    0.9316242998707454,
    0.9315312046444122,
    0.9315312046444122,
    0.9316615499725671,
    0.9316615499725671,
    0.9316615499725671,
    0.9349053885995953,
    0.9282317821238841,
    0.9315312046444122,
    0.9282317821238841,
    0.9282317821238841,
    0.9282317821238841,
    0.9183031703247337,
    0.9217523788600445
  ],
  "test_acc": 0.9483870967741935,
  "test_f1": 0.9481022774031415,
  "runtime": 3.49,
  "pca_components": 475
}