{
  "optimizer": "Adam",
  "activation": "elu",
  "arch": [
    64,
    32
  ],
  "dropout": 0.1,
  "lr": 0.001,
  "epochs": 40,
  "train_loss": [
    0.7581228593172984,
    0.25127840926244477,
    0.10790191886915498,
    0.05214737700583987,
    0.028782498693136743,
    0.017678843338479352,
    0.012178240495850645,
    0.007738311471434579,
    0.0058283115669006845,
    0.004800025913566291,
    0.0033438741549945447,
    0.0026029131516294842,
    0.002616147211622076,
    0.002294925722516993,
    0.0019342112524015102,
    0.0015147100755461527,
    0.0015116321027425187,
    0.001033792185493544,
    0.001078549528742713,
    0.0008537886536552663,
    0.0009120036462134511,
    0.0008712936131506076,
    0.0008007488965517645,
    0.0006002239371507642,
    0.0006555659185965628,
    0.0006219817156798991,
    0.0004535741065959474,
    0.0004901164901961685,
    0.0005126723299659523,
    0.0005184551388404432,
    0.00035759714012677496,
    0.00032889003020122057,
    0.00033082179025108725,
    0.00028688118119815273,
    0.000259679473357988,
    0.0003574671640197657,
    0.00029559587140671806,
    0.0003585562742685457,
    0.00023902006794995618,
    0.00020328108240646778
  ],
  "val_f1": [
    0.90848760475061,
    0.9124572806468866,
    0.918278410494867,
    0.9194672641274583,
    0.9067090542700299,
    0.8967761038227282,
    0.897135545930313,
    0.8936395319890466,
    0.8938889946313063,
    0.8936395319890466,
    0.8936395319890466,
    0.8906528990039063,
    0.8969091506026922,
    0.8908039881926003,
    0.8938379898036914,
    0.8938379898036914,
    0.8968690104051595,
    0.8938379898036914,
    0.8968690104051595,
    0.8938379898036914,
    0.8938379898036914,
    0.8938379898036914,
    0.8934088948895788,
    0.8938379898036914,
    0.8938379898036914,
    0.8964346301006918,
    0.8964346301006918,
    0.8964346301006918,
    0.8968690104051595,
    0.8908039881926003,
    0.8877665740188427,
    0.8877665740188427,
    0.8908039881926003,
    0.8938379898036914,
    0.8968690104051595,
    0.8934088948895788,
    0.8897767386878095,
    0.8901975268359149,
    0.8871444859754493,
    0.8871444859754493
  ],
  "test_acc": 0.9387096774193548,
  "test_f1": 0.9379850153353734,
  "runtime": 3.23,
  "pca_components": 475
}