{
  "optimizer": "Adam",
  "activation": "leaky",
  "arch": [
    64,
    32
  ],
  "dropout": 0.1,
  "lr": 0.001,
  "epochs": 40,
  "train_loss": [
    0.8609626648116971,
    0.40414162748856464,
    0.15598625938431623,
    0.06640914003372257,
    0.031118343338759083,
    0.017326755241769947,
    0.012356495993705831,
    0.00844226915878945,
    0.005811278852686735,
    0.006125345512535253,
    0.0045403853467615015,
    0.003556075315915485,
    0.0025097380559831344,
    0.002194966627675532,
    0.0025365807840198825,
    0.001771566315768001,
    0.0016948149444406622,
    0.0014131142159453005,
    0.002236003437351044,
    0.0011664551551012405,
    0.00118928979672722,
    0.0010578327341661615,
    0.0012819052611151972,
    0.0011044049316091887,
    0.001287098807280429,
    0.0009325333724285347,
    0.0007862300015466512,
    0.000531576524495305,
    0.0005514844639901615,
    0.0004607700656941301,
    0.000550787257422279,
    0.00031807071244333593,
    0.0003304112283787266,
    0.00041103203372464664,
    0.00029307375529112427,
    0.00044297031790391326,
    0.00022112181146305928,
    0.000378223061636575,
    0.0004493628661882813,
    0.00023595098545843086
  ],
  "val_f1": [
    0.8950087241800047,
    0.9183588487446417,
    0.9251314088754846,
    0.931469229582437,
    0.9348697290300351,
    0.9220305399409877,
    0.9255400814806755,
    0.9288039546660237,
    0.9251314088754846,
    0.9191176470588235,
    0.9251406080232997,
    0.9156088622355489,
    0.9159177837597774,
    0.9159177837597774,
    0.9189934069460252,
    0.9159177837597774,
    0.9191872043813792,
    0.9192970936322561,
    0.919034623242544,
    0.9158408892982396,
    0.9126445449974862,
    0.9064911625591238,
    0.912770236299648,
    0.9095079805313103,
    0.9061714429361488,
    0.9061714429361488,
    0.9095079805313103,
    0.9095079805313103,
    0.912770236299648,
    0.912770236299648,
    0.9130737084477804,
    0.9130737084477804,
    0.9098306871952447,
    0.912770236299648,
    0.9095555835573985,
    0.912592020804362,
    0.9059530608359849,
    0.9059530608359849,
    0.9059530608359849,
    0.9092310987363462
  ],
  "test_acc": 0.9483870967741935,
  "test_f1": 0.9481022774031415,
  "runtime": 3.15,
  "pca_components": 475
}