{
  "optimizer": "Adam",
  "activation": "elu",
  "arch": [
    256,
    128,
    64
  ],
  "dropout": 0.1,
  "lr": 0.001,
  "epochs": 40,
  "train_loss": [
    0.45479098752726144,
    0.08672481643425771,
    0.047559658250801023,
    0.02523174288060422,
    0.01711194261224787,
    0.0065026028437189,
    0.0048723752677892525,
    0.001670784235115194,
    0.0018593170542336075,
    0.02255945944289799,
    0.01237891009308008,
    0.010366814739523857,
    0.008785539883829657,
    0.0038626463959389613,
    0.003078647979820265,
    0.0062536441319725085,
    0.0044843471972753094,
    0.0017622072638176917,
    0.0005706155969747428,
    0.00023678680075279418,
    0.0001205247762842698,
    0.00014259915078993667,
    8.449472504294549e-05,
    9.33762733693574e-05,
    8.71033093375508e-05,
    6.044347571512315e-05,
    7.30364195110199e-05,
    5.58759801145983e-05,
    6.586467067452048e-05,
    6.216755448362886e-05,
    5.1232616711412474e-05,
    4.7156851089499e-05,
    3.70743675170211e-05,
    4.1497366479136215e-05,
    3.16894724885878e-05,
    4.610885304626061e-05,
    5.516230720238116e-05,
    3.0273456447090695e-05,
    3.726424172307032e-05,
    3.3140728908183674e-05
  ],
  "val_f1": [
    0.9187301587301587,
    0.9061161779608381,
    0.9125205611998065,
    0.9127092666681326,
    0.8963115709105715,
    0.8999265200193861,
    0.9029884317795241,
    0.902799849385589,
    0.8932685493290039,
    0.9090959361090715,
    0.8998240321769734,
    0.8932792385337455,
    0.9088178774374572,
    0.9091292228762771,
    0.8927685900458178,
    0.905859690154379,
    0.8992740482839493,
    0.9120549218803147,
    0.9120549218803147,
    0.9120549218803147,
    0.908612152877172,
    0.908612152877172,
    0.908612152877172,
    0.908612152877172,
    0.908612152877172,
    0.908612152877172,
    0.9120549218803147,
    0.9120549218803147,
    0.9120549218803147,
    0.9120549218803147,
    0.9120549218803147,
    0.9120549218803147,
    0.9120549218803147,
    0.9120549218803147,
    0.9120549218803147,
    0.9120549218803147,
    0.9120549218803147,
    0.9120549218803147,
    0.9120549218803147,
    0.9120549218803147
  ],
  "test_acc": 0.9354838709677419,
  "test_f1": 0.9347800693976973,
  "runtime": 5.05,
  "pca_components": 475
}