{
  "optimizer": "AdamW",
  "activation": "elu",
  "arch": [
    128,
    64
  ],
  "dropout": 0.1,
  "lr": 0.001,
  "epochs": 40,
  "train_loss": [
    0.5878041920609344,
    0.1597884538803388,
    0.06187346052547998,
    0.02890358908896471,
    0.013454791463033815,
    0.008451499131063802,
    0.005037330932646685,
    0.003640487637927101,
    0.0024602878523159884,
    0.001945830679700508,
    0.0018849542352955561,
    0.0013069519857666092,
    0.001180573811460822,
    0.0010122339838222647,
    0.000794213444234116,
    0.000764614485558413,
    0.0006220071703221122,
    0.0005934431747146437,
    0.0005918667998829694,
    0.0004351159632283615,
    0.00040595499945928094,
    0.00031693663035475334,
    0.0003264856913902022,
    0.0003374599615665136,
    0.00027734862245707635,
    0.00029635211269447707,
    0.0002574637049445637,
    0.00023282457995655752,
    0.00020385700762690513,
    0.00019820630970517013,
    0.00018393041936833724,
    0.0001876012221523287,
    0.00019364296273298806,
    0.0001878484345765038,
    0.00015382202554568288,
    0.00017312172361717644,
    0.00016408248503447812,
    0.000159741596666861,
    0.0001353580120077055,
    9.35290245488938e-05
  ],
  "val_f1": [
    0.9152658285349168,
    0.9089151467107599,
    0.902768466317622,
    0.9117571556924657,
    0.9060425737784228,
    0.902748125878967,
    0.9055333036641448,
    0.9027048232386221,
    0.9121439008231461,
    0.9089301922234356,
    0.9024957237054645,
    0.8990389048882439,
    0.8966009058962582,
    0.8928785989100282,
    0.8996403486502497,
    0.8963665389179997,
    0.8963665389179997,
    0.8928785989100282,
    0.8896801025630561,
    0.8896801025630561,
    0.8929682441928403,
    0.8929682441928403,
    0.889960287237515,
    0.8867556369824973,
    0.8867556369824973,
    0.8867556369824973,
    0.8867556369824973,
    0.8867556369824973,
    0.8867556369824973,
    0.8867556369824973,
    0.8867556369824973,
    0.8867556369824973,
    0.8867556369824973,
    0.8863080360330949,
    0.8892978146090545,
    0.8892978146090545,
    0.8892978146090545,
    0.8892978146090545,
    0.8927685900458178,
    0.8892978146090545
  ],
  "test_acc": 0.9419354838709677,
  "test_f1": 0.9414633537808655,
  "runtime": 8.25,
  "pca_components": 475
}