{
  "optimizer": "Adam",
  "activation": "relu",
  "arch": [
    128,
    64
  ],
  "dropout": 0.1,
  "lr": 0.001,
  "epochs": 40,
  "train_loss": [
    0.775955943698329,
    0.2259598574443305,
    0.05877221888291307,
    0.018208671051351582,
    0.006890658842276475,
    0.0045464466991898215,
    0.0028608950842715472,
    0.00222939887770911,
    0.0015038889851268318,
    0.0012941348993901645,
    0.0008291534941960096,
    0.0009047772840938905,
    0.0006224605904819696,
    0.0005770779209852223,
    0.0005433133698186273,
    0.0005535986811625749,
    0.0004833369977493597,
    0.0003795580822575413,
    0.00036904462167057983,
    0.0003025171784317276,
    0.00028705949146713114,
    0.00021570841177027527,
    0.0002265003894760327,
    0.0001862330674828166,
    0.00018067195165324745,
    0.00016799774867038773,
    0.00015578353000381956,
    0.0001245609385391424,
    0.00013748674076887078,
    0.0001379528508443577,
    0.0001234260287966825,
    0.00012941304628368485,
    8.858074988722116e-05,
    0.00011271066101019604,
    8.932816920235193e-05,
    0.00010259503425012502,
    7.98574193777166e-05,
    0.00010060800026707146,
    8.715271514915163e-05,
    6.868364211014695e-05
  ],
  "val_f1": [
    0.911872609452632,
    0.9288790095258812,
    0.9318940493468796,
    0.9353989671830751,
    0.9255907491201608,
    0.9254188576752412,
    0.9288039546660237,
    0.9288039546660237,
    0.9256977274880088,
    0.9254188576752412,
    0.9254188576752412,
    0.9254188576752412,
    0.9222074054197466,
    0.9222074054197466,
    0.9220305399409877,
    0.9254188576752412,
    0.9194799044195209,
    0.9225898578491522,
    0.9225898578491522,
    0.9225898578491522,
    0.9256977274880088,
    0.9223147542113059,
    0.9223147542113059,
    0.9256977274880088,
    0.9256977274880088,
    0.9256977274880088,
    0.9256977274880088,
    0.9256977274880088,
    0.9256977274880088,
    0.9256977274880088,
    0.9256977274880088,
    0.9256977274880088,
    0.9256977274880088,
    0.9256977274880088,
    0.9256977274880088,
    0.9256977274880088,
    0.9256977274880088,
    0.9256977274880088,
    0.9256977274880088,
    0.9256977274880088
  ],
  "test_acc": 0.9548387096774194,
  "test_f1": 0.9545267035124466,
  "runtime": 3.57,
  "pca_components": 475
}