{
  "optimizer": "AdamW",
  "activation": "relu",
  "arch": [
    64,
    32
  ],
  "dropout": 0.1,
  "lr": 0.001,
  "epochs": 40,
  "train_loss": [
    0.9638520400648543,
    0.47514822811385266,
    0.16237616100944197,
    0.06221527949670924,
    0.027595066048245978,
    0.015417427961419488,
    0.008865530212620707,
    0.0069850335955207,
    0.00518286608699599,
    0.003779628232418048,
    0.0040147418140046975,
    0.003211966268628066,
    0.002568106912602503,
    0.002403196130078657,
    0.0014827976508238333,
    0.0016418211508393008,
    0.0016042023639033039,
    0.000978637366711436,
    0.0010479840201627806,
    0.0009455667820542381,
    0.001256579114963321,
    0.0006742260008717217,
    0.0009228217745029513,
    0.0007510437219813987,
    0.0006918788336047477,
    0.00046142225982518455,
    0.0006202540329690435,
    0.0005801523622762134,
    0.000383236344486156,
    0.0004463149122479875,
    0.0004311785126125491,
    0.00033148041919952523,
    0.0002918485996814945,
    0.000449982264988339,
    0.0003553143463980741,
    0.0003218995777949202,
    0.0002558736565258332,
    0.0002238400405630698,
    0.0002918419002965543,
    0.0002632034582302832
  ],
  "val_f1": [
    0.8519662410418712,
    0.911507994127422,
    0.9349357635437757,
    0.9188364018746658,
    0.9285218927009972,
    0.922015350452114,
    0.922015350452114,
    0.922015350452114,
    0.9154398336374568,
    0.9283835108090607,
    0.9315748320487657,
    0.9284591164654991,
    0.9285218927009972,
    0.9319089803717214,
    0.9252380952380953,
    0.9284290813522617,
    0.9285328465498083,
    0.9350987730351982,
    0.9383755989926589,
    0.9318180117865899,
    0.9350987730351982,
    0.9350987730351982,
    0.9350987730351982,
    0.9286717853819751,
    0.9253971980832235,
    0.9253971980832235,
    0.9284443146563236,
    0.9316337196401022,
    0.9316337196401022,
    0.9250444573816275,
    0.9283418189078567,
    0.9282577828639244,
    0.9250444573816275,
    0.9284126984126985,
    0.922118527642238,
    0.9222702764781973,
    0.9254768961124623,
    0.9286816642477019,
    0.9286816642477019,
    0.9286816642477019
  ],
  "test_acc": 0.9451612903225807,
  "test_f1": 0.944848865965027,
  "runtime": 3.29,
  "pca_components": 475
}