{
  "optimizer": "AdamW",
  "activation": "gelu",
  "arch": [
    128,
    64
  ],
  "dropout": 0.1,
  "lr": 0.001,
  "epochs": 40,
  "train_loss": [
    0.7832442013373485,
    0.23644873206496175,
    0.05026403678084021,
    0.015400247815169165,
    0.006265191934179192,
    0.002855539550252545,
    0.0022484088303596924,
    0.001610043002364843,
    0.0011285902334330924,
    0.0009426449512031567,
    0.0008258157482181864,
    0.0006021053567911975,
    0.0005836897105033794,
    0.0003975543542545902,
    0.0004094906658688055,
    0.00034217595076664376,
    0.00031460650840827657,
    0.00029019896998304937,
    0.00025929099333706697,
    0.0002511298777059783,
    0.00020498256912929595,
    0.00017800937577279076,
    0.00016311174587827805,
    0.0001704444016211337,
    0.00013867940484123923,
    0.00012388498400455264,
    0.00015325760736565458,
    0.00011369058095287777,
    0.00011328244454538246,
    0.00010778021879031786,
    0.00011409747955600233,
    0.00011008108891261637,
    0.00013828658543677534,
    9.522208499194212e-05,
    9.763687115710268e-05,
    7.844014129710508e-05,
    7.517887741858826e-05,
    6.533515495892212e-05,
    6.781201141462083e-05,
    5.966625573514533e-05
  ],
  "val_f1": [
    0.8975533397027068,
    0.9317226042269039,
    0.9348697290300351,
    0.9282317821238841,
    0.9348263694742948,
    0.9315312046444122,
    0.9315312046444122,
    0.9282317821238841,
    0.9282317821238841,
    0.9282317821238841,
    0.9282317821238841,
    0.9282317821238841,
    0.9282317821238841,
    0.9282317821238841,
    0.9282317821238841,
    0.9282317821238841,
    0.9282317821238841,
    0.9282317821238841,
    0.9282317821238841,
    0.9282317821238841,
    0.9282317821238841,
    0.9316242998707454,
    0.9282317821238841,
    0.9282317821238841,
    0.9282317821238841,
    0.9282317821238841,
    0.9282317821238841,
    0.9315312046444122,
    0.9315312046444122,
    0.9316242998707454,
    0.9349053885995953,
    0.9315312046444122,
    0.9315312046444122,
    0.9315312046444122,
    0.9315312046444122,
    0.9315312046444122,
    0.9282317821238841,
    0.9315312046444122,
    0.9282317821238841,
    0.9282317821238841
  ],
  "test_acc": 0.964516129032258,
  "test_f1": 0.9642096663648082,
  "runtime": 4.88,
  "pca_components": 475
}