{
  "optimizer": "AdamW",
  "activation": "gelu",
  "arch": [
    64,
    32
  ],
  "dropout": 0.1,
  "lr": 0.001,
  "epochs": 40,
  "train_loss": [
    0.885028377023033,
    0.4408049966504716,
    0.1351721594576043,
    0.04290685492259365,
    0.02046614627325291,
    0.009858829487689269,
    0.006210871165537799,
    0.004157394823084564,
    0.0036392374602713493,
    0.002530262448786257,
    0.002579298010045856,
    0.002165340804917737,
    0.0015982249736092567,
    0.0019038685103324796,
    0.0010101379816535728,
    0.0008814801460851786,
    0.0007804269559424413,
    0.0006330979720361465,
    0.0006645726419388752,
    0.0005129049399249242,
    0.00045492410123553135,
    0.0005633564300010018,
    0.00036951125559177614,
    0.00039642223969414453,
    0.0003920784879671465,
    0.0008373581176857158,
    0.0003381660877541108,
    0.0004924538449122259,
    0.006782353967270712,
    0.008217656099254535,
    0.0012586436780811989,
    0.0006838660262418866,
    0.0007179777797122147,
    0.0017903551426498223,
    0.0005397263812874679,
    0.0003813007191483863,
    0.0002681191214665425,
    0.0003797134198596333,
    0.00021367001532524344,
    0.0002788066668130333
  ],
  "val_f1": [
    0.8356218006624511,
    0.9188364018746658,
    0.9349053885995953,
    0.9318448414964692,
    0.9159337206527026,
    0.9156020131629887,
    0.9222305615494469,
    0.9191804927099044,
    0.9317831987163797,
    0.9193867505059697,
    0.9284345834816028,
    0.9285327138985675,
    0.9285327138985675,
    0.9254761421276848,
    0.9224063650892919,
    0.9224063650892919,
    0.9224063650892919,
    0.9224063650892919,
    0.9224063650892919,
    0.9224063650892919,
    0.9224063650892919,
    0.9224063650892919,
    0.9224063650892919,
    0.9224063650892919,
    0.9224063650892919,
    0.925470264039752,
    0.9287065099944445,
    0.9188681297761824,
    0.912592020804362,
    0.9065165829783521,
    0.912592020804362,
    0.9158201569697061,
    0.9221060782036391,
    0.9193405902843866,
    0.9161283494975782,
    0.9161283494975782,
    0.9191804927099044,
    0.9161283494975782,
    0.9191804927099044,
    0.9191804927099044
  ],
  "test_acc": 0.9612903225806452,
  "test_f1": 0.9612262948159024,
  "runtime": 4.27,
  "pca_components": 475
}