{
  "optimizer": "Adam",
  "activation": "gelu",
  "arch": [
    128,
    64
  ],
  "dropout": 0.1,
  "lr": 0.001,
  "epochs": 40,
  "train_loss": [
    0.7462931346867661,
    0.21727635350926003,
    0.053074286773579414,
    0.016034348037834326,
    0.006386017904658474,
    0.0033340187732785573,
    0.002263542233326038,
    0.0015964366573511736,
    0.0011891327982351601,
    0.000827174537114783,
    0.0007853615185588386,
    0.0007895910595948224,
    0.0006576918074534279,
    0.0005623016763739763,
    0.00035922534474747326,
    0.00037123489175082023,
    0.00028167608462633466,
    0.00032852486343558373,
    0.00027041351537324256,
    0.00020076982475839247,
    0.000228139561841579,
    0.00024871982043307917,
    0.00017599052729307962,
    0.0001573474740078026,
    0.00011394986621168807,
    0.0001574638974695521,
    0.00011836764330077681,
    0.00011832132103771268,
    0.00010464690848165495,
    0.00011443363675084155,
    0.0001068549275882812,
    8.290557178501087e-05,
    9.901570227435096e-05,
    8.565292867546076e-05,
    8.280085024410809e-05,
    7.824048919434085e-05,
    5.633544465877284e-05,
    6.491327896965828e-05,
    6.256069722617944e-05,
    5.488321182548389e-05
  ],
  "val_f1": [
    0.9039604650020951,
    0.9351347613719962,
    0.9351704707875307,
    0.9254761421276848,
    0.9416596712422484,
    0.9319585425147697,
    0.9287191473219202,
    0.9287191473219202,
    0.9287191473219202,
    0.9319585425147697,
    0.9287065099944445,
    0.9285262130839342,
    0.9317708144440818,
    0.928681270332813,
    0.928681270332813,
    0.9383590708784024,
    0.9351704707875307,
    0.9351704707875307,
    0.9319397592381843,
    0.9319397592381843,
    0.9319397592381843,
    0.9351704707875307,
    0.9382762726822133,
    0.9317831987163797,
    0.9317831987163797,
    0.9317831987163797,
    0.9350308972497879,
    0.9350308972497879,
    0.9317708144440818,
    0.9317708144440818,
    0.9350308972497879,
    0.9350308972497879,
    0.9350308972497879,
    0.9350308972497879,
    0.9350308972497879,
    0.9350308972497879,
    0.9350308972497879,
    0.9350308972497879,
    0.9317708144440818,
    0.9317708144440818
  ],
  "test_acc": 0.9741935483870968,
  "test_f1": 0.9741510197282311,
  "runtime": 3.96,
  "pca_components": 475
}