{
  "optimizer": "RMSprop",
  "activation": "leaky",
  "arch": [
    64,
    32
  ],
  "dropout": 0.1,
  "lr": 0.001,
  "epochs": 40,
  "train_loss": [
    0.39432381549093626,
    0.07414547350751602,
    0.026769732448235835,
    0.01174486118573956,
    0.008293025089766492,
    0.004365147746730678,
    0.003548142878054889,
    0.003305111921898622,
    0.0022450380425323093,
    0.0015076804036568752,
    0.0009828157815247793,
    0.0012063377393051909,
    0.0028696469329766664,
    0.0006254451551992895,
    0.0017970998226922966,
    0.009686708881262293,
    0.004588413713244834,
    0.0011832413415854366,
    0.002602509753963936,
    0.0014037478697819248,
    0.0003806253239317562,
    0.0003752213168331599,
    0.0003762626942982842,
    0.0002221390895541131,
    0.00016427086124541323,
    0.00018930586333106177,
    0.00011733674042586471,
    0.00016097740318792491,
    0.00010922805575054049,
    9.41159127693284e-05,
    0.00911395671591313,
    0.0022185712632176585,
    0.0002234272757445898,
    0.00014675341872149274,
    0.0007090421799057318,
    0.0047637825987106135,
    0.004375766036774817,
    0.002238988990738518,
    0.00022843651292042035,
    0.00027675127116300096
  ],
  "val_f1": [
    0.9090635386314377,
    0.9128873686049682,
    0.918817530381652,
    0.928819290207675,
    0.9255370101596517,
    0.919059022738268,
    0.9123875068973598,
    0.9123206365608145,
    0.9157954606600005,
    0.9188803978926204,
    0.9222717679073341,
    0.9155088082032309,
    0.8992063492063492,
    0.9026779975719489,
    0.9158025256156098,
    0.8997363992591989,
    0.909439416792358,
    0.9061925672633477,
    0.8989898898297963,
    0.9056388364298343,
    0.9056388364298343,
    0.9090581693280345,
    0.9057795065220807,
    0.9057795065220807,
    0.9057795065220807,
    0.9057795065220807,
    0.9057795065220807,
    0.905859690154379,
    0.9090979481223384,
    0.9059484895858008,
    0.8964932126696833,
    0.9094610762161133,
    0.9064262688334798,
    0.9064262688334798,
    0.8964084648867767,
    0.8999265200193861,
    0.8967215421415505,
    0.8999140233492097,
    0.8967015918765653,
    0.9001120238984317
  ],
  "test_acc": 0.9387096774193548,
  "test_f1": 0.938474291805584,
  "runtime": 10.09,
  "pca_components": 475
}