{
  "optimizer": "RMSprop",
  "activation": "relu",
  "arch": [
    256,
    128,
    64
  ],
  "dropout": 0.1,
  "lr": 0.001,
  "epochs": 40,
  "train_loss": [
    0.41481388604740355,
    0.05453127734222805,
    0.014295609261320313,
    0.0029847170301422984,
    0.0012624942098725177,
    0.0008947472508862462,
    0.0004616835339963569,
    0.00035406360698281725,
    0.0002232981221812375,
    0.00022760764342591075,
    0.00012246425772204016,
    8.870399340661819e-05,
    8.60925036390583e-05,
    6.61464305477518e-05,
    5.315612982046771e-05,
    4.7016706280841136e-05,
    3.1616700105828566e-05,
    2.544686796780898e-05,
    2.3943591717948922e-05,
    2.154322184527614e-05,
    1.7864949603780318e-05,
    2.402195833868138e-05,
    9.49421841295505e-06,
    1.2449009015172622e-05,
    8.824140055380815e-06,
    7.33792718784581e-06,
    4.6977673370990806e-06,
    3.2367689092774417e-06,
    3.7093346919093535e-05,
    0.05255092475603819,
    0.022542794557538222,
    0.011870513161400862,
    0.00259055609220157,
    0.00049273301123362,
    0.00018552214193931772,
    0.00021520262018483353,
    0.0001363568326560257,
    6.260660955199703e-05,
    3.7080674793894614e-05,
    4.7116522877192737e-05
  ],
  "val_f1": [
    0.8901439872184552,
    0.9071013086966951,
    0.9155088082032309,
    0.9159023000486415,
    0.9193842786200427,
    0.916123213039261,
    0.916123213039261,
    0.9193842786200427,
    0.916123213039261,
    0.9227035100821509,
    0.9194534340165408,
    0.9194534340165408,
    0.9226412745830221,
    0.9226412745830221,
    0.9226412745830221,
    0.9194534340165408,
    0.9194534340165408,
    0.9194534340165408,
    0.9194534340165408,
    0.9194534340165408,
    0.9193012495205094,
    0.9227035100821509,
    0.9227035100821509,
    0.9194534340165408,
    0.9194534340165408,
    0.9194534340165408,
    0.9194534340165408,
    0.9194534340165408,
    0.906631131416968,
    0.9384545430371202,
    0.9102553871434038,
    0.9224234503360718,
    0.9190407688859702,
    0.9190407688859702,
    0.9128679458477973,
    0.9193127276706846,
    0.9160921157544205,
    0.9160921157544205,
    0.9160921157544205,
    0.9160921157544205
  ],
  "test_acc": 0.9548387096774194,
  "test_f1": 0.954754792133433,
  "runtime": 10.91,
  "pca_components": 475
}