{
  "optimizer": "RMSprop",
  "activation": "swish",
  "arch": [
    128,
    64
  ],
  "dropout": 0.1,
  "lr": 0.001,
  "epochs": 40,
  "train_loss": [
    0.33707722478043717,
    0.046345345168107704,
    0.013919945948495122,
    0.005091470283883828,
    0.0029770807953498307,
    0.0023008513854512963,
    0.002159563346168579,
    0.0008168337410059432,
    0.0005625582481957978,
    0.0005480332927294417,
    0.0003549393509947226,
    0.00024251454079452544,
    0.00023846823464735876,
    0.00021726629847261054,
    0.00012650554678974037,
    0.00011154349594371471,
    8.847953329231508e-05,
    0.00015437199837186496,
    0.0003530766033480279,
    0.00591733126451503,
    0.0034901203199375784,
    0.007952828778698169,
    0.001979504929038367,
    0.0001981288151814903,
    0.00010820447240277523,
    0.0003204001715883019,
    0.0001567526805591943,
    0.0011077789776252644,
    0.00017501146089634546,
    6.951382899244335e-05,
    0.00011790118816084356,
    9.338359457188681e-05,
    0.00046884769179376143,
    0.0006290475715287035,
    9.758408433926052e-05,
    9.626587374790759e-05,
    2.0355656991450776e-05,
    2.4871967744475856e-05,
    1.8801467744649513e-05,
    3.301314318514977e-05
  ],
  "val_f1": [
    0.8967842122604027,
    0.9159404308263763,
    0.9128715038381564,
    0.9126928599192468,
    0.9128960001450249,
    0.9157512871107483,
    0.9094089366351293,
    0.9126928599192468,
    0.9094089366351293,
    0.9127896209285393,
    0.9159719871121137,
    0.9126928599192468,
    0.9126928599192468,
    0.9095142205924276,
    0.9095142205924276,
    0.906234184495054,
    0.9094089366351293,
    0.9095142205924276,
    0.9093670243851731,
    0.89700311597878,
    0.9258067279335283,
    0.896358024201787,
    0.9057142857142857,
    0.9057142857142857,
    0.9057142857142857,
    0.9184209295493112,
    0.9218291109500713,
    0.9284741619781749,
    0.928681270332813,
    0.928681270332813,
    0.925451173465711,
    0.925451173465711,
    0.9160416534488646,
    0.9186196660740323,
    0.9186196660740323,
    0.9186196660740323,
    0.9186196660740323,
    0.9218616330185263,
    0.9218616330185263,
    0.915562853493888
  ],
  "test_acc": 0.9483870967741935,
  "test_f1": 0.948156695434414,
  "runtime": 7.65,
  "pca_components": 475
}