{
  "optimizer": "RMSprop",
  "activation": "gelu",
  "arch": [
    256,
    128,
    64
  ],
  "dropout": 0.1,
  "lr": 0.001,
  "epochs": 40,
  "train_loss": [
    0.35812916658365834,
    0.04234911944875479,
    0.00940484393903667,
    0.001656417598654308,
    0.0006908226740300293,
    0.00039048049365475397,
    0.00030366797185346595,
    0.0002313160543911652,
    0.00016898302976232562,
    0.0001556338055822579,
    9.175213957465924e-05,
    8.546096842232584e-05,
    6.622200966409258e-05,
    4.49466136161949e-05,
    4.275667127400923e-05,
    2.6507580931665764e-05,
    2.1387171521134654e-05,
    2.3642108292338796e-05,
    1.8378590700643855e-05,
    1.4382609360313311e-05,
    1.8136337969717497e-05,
    1.1510620010429828e-05,
    7.925136489967748e-06,
    8.183738916001177e-06,
    7.098903335861689e-06,
    5.333440638285816e-06,
    4.630934856225841e-06,
    4.3851329903289895e-06,
    2.5343246479874174e-06,
    1.804837096493338e-06,
    3.0319081244279676e-06,
    2.538870617106459e-06,
    3.7402810299085963e-06,
    1.655944606360342e-06,
    7.748130125235909e-07,
    9.761334967229714e-07,
    6.073865027463672e-07,
    4.1084895137892025e-07,
    1.6147524350052536e-06,
    6.79060937104826e-07
  ],
  "val_f1": [
    0.9259681828945386,
    0.9325300092755254,
    0.938474291805584,
    0.9419195472382471,
    0.9450460542693553,
    0.9418242983990598,
    0.9450460542693553,
    0.9450460542693553,
    0.9450460542693553,
    0.9450460542693553,
    0.9450460542693553,
    0.9482969428356491,
    0.9482969428356491,
    0.9482969428356491,
    0.9451692331862004,
    0.9451692331862004,
    0.9451692331862004,
    0.9451692331862004,
    0.9451692331862004,
    0.9451692331862004,
    0.9451692331862004,
    0.9451692331862004,
    0.9451692331862004,
    0.9451692331862004,
    0.9451692331862004,
    0.9451692331862004,
    0.9451692331862004,
    0.9451692331862004,
    0.9451692331862004,
    0.9451692331862004,
    0.9451692331862004,
    0.9451692331862004,
    0.9386132605273808,
    0.9322108093741694,
    0.9322108093741694,
    0.9354131356252248,
    0.9354131356252248,
    0.9354131356252248,
    0.9258481541794265,
    0.9262251953617572
  ],
  "test_acc": 0.9774193548387097,
  "test_f1": 0.9773767118942093,
  "runtime": 10.65,
  "pca_components": 475
}