{
  "optimizer": "RMSprop",
  "activation": "gelu",
  "arch": [
    64,
    32
  ],
  "dropout": 0.1,
  "lr": 0.001,
  "epochs": 40,
  "train_loss": [
    0.40640578598458865,
    0.059685475876927574,
    0.021024203568700984,
    0.009575976160038793,
    0.005931221394208618,
    0.00264516081259184,
    0.0020646703634421117,
    0.0016621704472926419,
    0.0012765591895867053,
    0.00107297170462952,
    0.0008769527179060775,
    0.0008183480697764492,
    0.0011741828728630075,
    0.0007247847872438708,
    0.0005077193163263323,
    0.0011705527707470116,
    0.002391774710479799,
    0.002433411879827505,
    0.0007574341463757253,
    0.00038534024543922853,
    0.00023200614036798187,
    0.00031259678905575417,
    0.0006667911445781099,
    0.010079606213319072,
    0.0011061983758026536,
    0.00022133761692558502,
    0.0001678121642393011,
    0.00029515397534023423,
    0.00029810033402952435,
    9.174501938415762e-05,
    0.00013613930721205765,
    7.683638613666055e-05,
    6.774188538924358e-05,
    7.53436229157006e-05,
    4.755377053491181e-05,
    3.995498254114388e-05,
    4.2612783548758e-05,
    4.584032369739768e-05,
    2.8169165856996696e-05,
    1.9413081121350667e-05
  ],
  "val_f1": [
    0.9062896200843772,
    0.9317708144440818,
    0.9350308972497879,
    0.9185472931310888,
    0.9185080259262417,
    0.908612152877172,
    0.9187904229983438,
    0.9186196660740323,
    0.915562853493888,
    0.908612152877172,
    0.9152893785106984,
    0.9186588811805191,
    0.9152614147202908,
    0.9156946138370287,
    0.9156946138370287,
    0.9157818134678388,
    0.8992187170391999,
    0.9131066487843168,
    0.9035353466689627,
    0.9133031757880324,
    0.9133031757880324,
    0.9133648142936068,
    0.9062566672567898,
    0.9067933969704387,
    0.9005058334013216,
    0.9005058334013216,
    0.9005058334013216,
    0.9035043792466911,
    0.9027398040555935,
    0.9031273319979576,
    0.9065533980582524,
    0.9065533980582524,
    0.9065533980582524,
    0.9065533980582524,
    0.9065533980582524,
    0.9096806360084487,
    0.9096806360084487,
    0.9066202090592334,
    0.9100613708266478,
    0.9100613708266478
  ],
  "test_acc": 0.967741935483871,
  "test_f1": 0.9676463355623776,
  "runtime": 11.11,
  "pca_components": 475
}