{
  "optimizer": "RMSprop",
  "activation": "gelu",
  "arch": [
    128,
    64
  ],
  "dropout": 0.1,
  "lr": 0.001,
  "epochs": 40,
  "train_loss": [
    0.3353680947644214,
    0.050007728161415535,
    0.00878864853488078,
    0.004145902386625679,
    0.002093309168747064,
    0.0011221677448897112,
    0.001196306748619294,
    0.0006362848658146664,
    0.0005733218988609098,
    0.00036032581371227664,
    0.00044885318357657894,
    0.00030467037466689944,
    0.0001691326725430391,
    0.00014154286538498728,
    0.00011723199227900834,
    0.00013237233487415744,
    8.092538886724648e-05,
    7.970717010983015e-05,
    5.826419766566102e-05,
    7.382399953218461e-05,
    5.008070358365214e-05,
    3.8250387078615764e-05,
    2.626106729223095e-05,
    2.1828041680530275e-05,
    2.482075872620038e-05,
    1.8843147998970554e-05,
    2.4835683275388057e-05,
    1.9578047933773603e-05,
    1.6418392376703622e-05,
    8.609439568011349e-06,
    1.1061997442462919e-05,
    7.816953055567384e-06,
    4.5807592517333365e-06,
    6.104449254003216e-06,
    3.475807561224623e-06,
    2.6612611503366983e-06,
    4.414448864656441e-06,
    2.282745652928326e-06,
    1.886071456695634e-06,
    1.7664165774170452e-06
  ],
  "val_f1": [
    0.8962146745186393,
    0.9193405902843866,
    0.9290846204440816,
    0.9225033133835311,
    0.9290058314963338,
    0.9290058314963338,
    0.9257977510098402,
    0.9321310420462064,
    0.9289215686274509,
    0.9256977274880088,
    0.9288544939633869,
    0.9288544939633869,
    0.9288544939633869,
    0.9353946706887882,
    0.9353946706887882,
    0.9353946706887882,
    0.9353946706887882,
    0.9321310420462064,
    0.9321310420462064,
    0.9288648244958925,
    0.9288648244958925,
    0.9255955564014949,
    0.9321310420462064,
    0.9288648244958925,
    0.9288648244958925,
    0.9287845364169254,
    0.9255009307653349,
    0.9353946706887882,
    0.9320682008380842,
    0.9320682008380842,
    0.9287026046347625,
    0.9321310420462064,
    0.9353373164052776,
    0.9288648244958925,
    0.9321310420462064,
    0.9321310420462064,
    0.9321310420462064,
    0.9287973285146526,
    0.92546572026869,
    0.92546572026869
  ],
  "test_acc": 0.9612903225806452,
  "test_f1": 0.9610849829231606,
  "runtime": 12.07,
  "pca_components": 475
}