{
  "optimizer": "RMSprop",
  "activation": "relu",
  "arch": [
    128,
    64
  ],
  "dropout": 0.1,
  "lr": 0.001,
  "epochs": 40,
  "train_loss": [
    0.3423320229268959,
    0.038273234591900004,
    0.009876822069871694,
    0.005064138130652065,
    0.0035555753549185794,
    0.0017658852898947105,
    0.001139585442944756,
    0.0009487549233571699,
    0.0009600792557096156,
    0.000662379858019193,
    0.000539651879829852,
    0.0004421158294728314,
    0.00028515493167482114,
    0.0002285574962598667,
    0.00016467823086360219,
    0.00012245024363789802,
    0.0001301066803441478,
    0.00010133689441901645,
    6.871462651255885e-05,
    8.940912347424068e-05,
    7.246681853061088e-05,
    4.451151952604503e-05,
    6.194015665068051e-05,
    3.114159499613592e-05,
    2.57150210328086e-05,
    2.7595190492906018e-05,
    2.4519819593632664e-05,
    3.182095962967877e-05,
    1.4158022358759987e-05,
    1.3752791406931543e-05,
    1.649571376301982e-05,
    8.70126551865165e-06,
    1.1250072545338368e-05,
    5.186426141663447e-06,
    5.703003654734774e-06,
    7.912927618894825e-06,
    8.92737355343465e-06,
    0.012579094085899276,
    0.013026415826476869,
    0.0002336439359943627
  ],
  "val_f1": [
    0.9382030381244836,
    0.9250831796893212,
    0.9288039546660237,
    0.9321432027092404,
    0.9317460317460317,
    0.9320638511814981,
    0.9288475889218201,
    0.9286282191231131,
    0.9286282191231131,
    0.9320638511814981,
    0.9288475889218201,
    0.9255907491201608,
    0.9255907491201608,
    0.9222074054197466,
    0.9255907491201608,
    0.9255907491201608,
    0.9222074054197466,
    0.9190651482730691,
    0.9222717679073341,
    0.9190651482730691,
    0.9255907491201608,
    0.9223300897529573,
    0.9223300897529573,
    0.9223300897529573,
    0.9223300897529573,
    0.9288790095258812,
    0.9288039546660237,
    0.9384283450106575,
    0.9322108093741694,
    0.9320638511814981,
    0.9320638511814981,
    0.9351704707875307,
    0.9350876285674407,
    0.9286434086119867,
    0.9286434086119867,
    0.9221999306754066,
    0.9288207127701208,
    0.928768456147513,
    0.9156034150470084,
    0.9254050588805348
  ],
  "test_acc": 0.9548387096774194,
  "test_f1": 0.9543780505825544,
  "runtime": 3.28,
  "pca_components": 475
}