{
  "optimizer": "RMSprop",
  "activation": "elu",
  "arch": [
    128,
    64
  ],
  "dropout": 0.1,
  "lr": 0.001,
  "epochs": 40,
  "train_loss": [
    0.29345951529145603,
    0.05337569153566573,
    0.015701337223373753,
    0.0069498095068115705,
    0.0029780010228679524,
    0.0017864158447940082,
    0.0012482724204145518,
    0.000924628027212556,
    0.000791201225523634,
    0.0005983287066439493,
    0.0004109257127102234,
    0.0003140107649714762,
    0.0003190560665384908,
    0.0002657001299502788,
    0.0001822934077841195,
    0.0001930118253631913,
    0.00013997239296152902,
    0.00011193830669551212,
    8.310691725145711e-05,
    6.557659101150198e-05,
    4.438971961507822e-05,
    4.411783372183521e-05,
    4.324592274648536e-05,
    3.784532725010438e-05,
    2.890701414988793e-05,
    3.197746480488974e-05,
    1.6335645502946605e-05,
    1.4606581004777338e-05,
    1.370063070023724e-05,
    1.4560141342287786e-05,
    9.267228221011511e-06,
    1.293626531362789e-05,
    1.0943698113350021e-05,
    7.333070585843656e-06,
    4.323177675038627e-06,
    2.771576675641823e-06,
    2.9720618735959164e-06,
    3.3234597133067783e-06,
    2.88426110049505e-06,
    1.7227347041085398e-06
  ],
  "val_f1": [
    0.9101757264343329,
    0.9059484895858008,
    0.8967215421415505,
    0.8995171501396809,
    0.8965157873429348,
    0.8965157873429348,
    0.8965157873429348,
    0.8930911115215115,
    0.8965157873429348,
    0.8965157873429348,
    0.8997386109036594,
    0.8997386109036594,
    0.9029884317795241,
    0.9029884317795241,
    0.9029884317795241,
    0.9060054286146987,
    0.9029884317795241,
    0.9029884317795241,
    0.9029884317795241,
    0.9029884317795241,
    0.9029884317795241,
    0.8995793899965291,
    0.8965626916581318,
    0.8997697286532237,
    0.902799849385589,
    0.902799849385589,
    0.902799849385589,
    0.9058279622528623,
    0.9062111028130445,
    0.902799849385589,
    0.9031784000125072,
    0.8971049024839669,
    0.8938575740272453,
    0.8904366586933071,
    0.8934696621484295,
    0.8934696621484295,
    0.8995276496286054,
    0.8964998504500095,
    0.8997697286532237,
    0.8997697286532237
  ],
  "test_acc": 0.9451612903225807,
  "test_f1": 0.9446722390118617,
  "runtime": 3.88,
  "pca_components": 475
}