{
  "optimizer": "RMSprop",
  "activation": "relu",
  "arch": [
    64,
    32
  ],
  "dropout": 0.1,
  "lr": 0.001,
  "epochs": 40,
  "train_loss": [
    0.4167341476185082,
    0.06818317062406017,
    0.026010639008630324,
    0.011406429496710502,
    0.0079798780906707,
    0.005438147444376194,
    0.0033511884507918285,
    0.0027888700394325594,
    0.0017258317244598354,
    0.002000513988296036,
    0.0010204020997641118,
    0.0008090240405894069,
    0.000715199190769555,
    0.0008101967503064332,
    0.00046545101856715647,
    0.0005788929015244796,
    0.0004330938084227859,
    0.00022997480860724445,
    0.0003108206958888484,
    0.0003008111759846416,
    0.00028837725912820417,
    0.00014752223368495154,
    0.00022754505004627084,
    0.0007355329801662558,
    0.003434454612030675,
    0.006580506333130208,
    0.0051149944722555804,
    0.0006887098134153801,
    0.00043998812620485835,
    0.00017553785368170784,
    0.0002833680971663379,
    0.00019707691063166157,
    0.00015636616451432335,
    0.0002639593255684398,
    6.857591272507236e-05,
    9.161262320087626e-05,
    0.00028851778604694646,
    5.00363221861764e-05,
    0.00019140901297252797,
    7.828883513791116e-05
  ],
  "val_f1": [
    0.9283649658008382,
    0.922311138101858,
    0.9224356075930289,
    0.9287191473219202,
    0.922015350452114,
    0.9157498901167996,
    0.9253430538863315,
    0.915562853493888,
    0.9121597783791017,
    0.9218951271352118,
    0.9124341327154394,
    0.9184542815674891,
    0.9154900929653405,
    0.9159719871121137,
    0.9156455136030942,
    0.9252380952380953,
    0.9256977274880088,
    0.9221368663631037,
    0.9285218927009972,
    0.9223287120249904,
    0.922015350452114,
    0.9352201428934102,
    0.9252051431155909,
    0.922118527642238,
    0.9090635386314377,
    0.906774642349454,
    0.90015261605675,
    0.90015261605675,
    0.9060348540584227,
    0.9060348540584227,
    0.9062158898334868,
    0.8999067200816935,
    0.8999067200816935,
    0.909445139323188,
    0.909445139323188,
    0.9128402357612995,
    0.9065164148180712,
    0.8998389694041867,
    0.9096196238450354,
    0.9095615825323726
  ],
  "test_acc": 0.9516129032258065,
  "test_f1": 0.9514363358083914,
  "runtime": 2.98,
  "pca_components": 475
}