{
  "optimizer": "RMSprop",
  "activation": "leaky",
  "arch": [
    128,
    64
  ],
  "dropout": 0.1,
  "lr": 0.001,
  "epochs": 40,
  "train_loss": [
    0.3302092250773955,
    0.043956559054220856,
    0.013393110494946459,
    0.005317089372304994,
    0.003065932531772007,
    0.001780729331056106,
    0.0010487480733485772,
    0.0008593506754335352,
    0.0008028946332058307,
    0.0005786348964520223,
    0.00038529932052844057,
    0.0003009532105359419,
    0.0003017014691485553,
    0.0002448187671734094,
    0.00020581143462293394,
    0.00016138093400417864,
    0.00011335985898879377,
    7.903869794240805e-05,
    6.076747623366941e-05,
    7.70290268726061e-05,
    0.00011310239726157063,
    7.15400024668799e-05,
    4.74536753474011e-05,
    3.453270853358379e-05,
    3.133530887194569e-05,
    3.3285778913293305e-05,
    3.3063891713941156e-05,
    1.3483983469298366e-05,
    1.4028276003053486e-05,
    8.940125731412985e-06,
    6.8468726166218546e-06,
    8.939048608190381e-06,
    5.1214683138326534e-06,
    3.814840533576086e-06,
    0.030350255518347607,
    0.009132716376717679,
    0.005404929487082282,
    0.0023481954167041863,
    0.0004629890294858285,
    0.0002276202398893697
  ],
  "val_f1": [
    0.922591085409676,
    0.9161040414751973,
    0.9192622653651287,
    0.9128558697997279,
    0.9160608476775636,
    0.9161040414751973,
    0.9128558697997279,
    0.9128558697997279,
    0.9128558697997279,
    0.9128558697997279,
    0.9128558697997279,
    0.9128558697997279,
    0.9067829736224616,
    0.9098207617625094,
    0.9098207617625094,
    0.9067829736224616,
    0.9098207617625094,
    0.9065709863514845,
    0.9033171521035599,
    0.9159298785843967,
    0.9067095074518191,
    0.9128051046396751,
    0.9127388686609077,
    0.9128051046396751,
    0.909603989806607,
    0.9058374112576782,
    0.9092898850324592,
    0.906098287677235,
    0.9095450398452148,
    0.9026481595527974,
    0.9092898850324592,
    0.9127388686609077,
    0.9127388686609077,
    0.9127388686609077,
    0.905468587933043,
    0.9034729586426299,
    0.8838520895287001,
    0.896629933616344,
    0.893670649738611,
    0.8969068956933034
  ],
  "test_acc": 0.9483870967741935,
  "test_f1": 0.9481394842780982,
  "runtime": 4.75,
  "pca_components": 475
}