{
  "optimizer": "RMSprop",
  "activation": "swish",
  "arch": [
    256,
    128,
    64
  ],
  "dropout": 0.1,
  "lr": 0.001,
  "epochs": 40,
  "train_loss": [
    0.34097686820854384,
    0.04811089406027436,
    0.013503609173646874,
    0.00152488555901149,
    0.0008706243427941969,
    0.00044975467258602476,
    0.00030669343120454904,
    0.00022882789068833051,
    0.00017976507474606288,
    0.00011569284345501852,
    8.592813624186324e-05,
    7.954368071210776e-05,
    7.246335124971253e-05,
    5.296322811140205e-05,
    4.0566674413511525e-05,
    3.2945695208751803e-05,
    2.6850537149060388e-05,
    1.7872396372454974e-05,
    1.8925856858503922e-05,
    1.7275432230378167e-05,
    9.302256494451658e-06,
    2.3518366266998055e-05,
    1.4713446348473403e-05,
    6.612091924407845e-06,
    7.845970732178478e-06,
    3.959033947074492e-06,
    2.9011260734159636e-06,
    3.2246893519256866e-06,
    1.9098967111339084e-06,
    1.6019996566049288e-06,
    1.5260807390245805e-06,
    1.6566403887690192e-06,
    3.2846264108952695e-06,
    6.570099555739289e-06,
    2.0103238492278337e-06,
    1.2451009377844851e-06,
    6.92781398168336e-07,
    4.657360216958035e-07,
    2.8593310215516277e-06,
    1.825002832359749e-06
  ],
  "val_f1": [
    0.9354542871166912,
    0.904134159535305,
    0.9223749444852308,
    0.9160921157544205,
    0.9160416534488646,
    0.9160416534488646,
    0.9192970936322561,
    0.9192970936322561,
    0.9192970936322561,
    0.9192970936322561,
    0.9192970936322561,
    0.9192970936322561,
    0.9192970936322561,
    0.9192970936322561,
    0.9192970936322561,
    0.9223749444852308,
    0.9223749444852308,
    0.9223749444852308,
    0.9223749444852308,
    0.9223749444852308,
    0.9223749444852308,
    0.9256285785412,
    0.9287065099944445,
    0.9287065099944445,
    0.925451173465711,
    0.925451173465711,
    0.925451173465711,
    0.925451173465711,
    0.925451173465711,
    0.925451173465711,
    0.925451173465711,
    0.925451173465711,
    0.9218951271352118,
    0.9252789789054781,
    0.9220286488579171,
    0.9285262130839342,
    0.9285262130839342,
    0.9285262130839342,
    0.9285262130839342,
    0.9252789789054781
  ],
  "test_acc": 0.9580645161290322,
  "test_f1": 0.9577772738610854,
  "runtime": 14.84,
  "pca_components": 475
}