{
  "optimizer": "RMSprop",
  "activation": "leaky",
  "arch": [
    256,
    128,
    64
  ],
  "dropout": 0.1,
  "lr": 0.001,
  "epochs": 40,
  "train_loss": [
    0.3633456682248293,
    0.059467501721418535,
    0.00905094105167181,
    0.0022208998643559207,
    0.0009733439320239357,
    0.0008732076912624098,
    0.00048108160977509425,
    0.0003072477755716876,
    0.0003112372657845051,
    0.0002289092040743735,
    0.00016896321930724492,
    0.00011219437321169084,
    6.830905215931337e-05,
    9.04911261119463e-05,
    4.795826893604978e-05,
    5.6478653220005996e-05,
    3.2042211756437034e-05,
    4.1062792036982015e-05,
    2.7031451911129516e-05,
    1.7660387805158527e-05,
    1.603867584361528e-05,
    1.5586487399859116e-05,
    1.087429952860349e-05,
    7.379889707730112e-06,
    7.608632672303935e-06,
    4.40123761409038e-06,
    6.814465411449519e-06,
    6.890933031186796e-06,
    7.628606615478523e-06,
    7.912731108214525e-06,
    3.2038732275657506e-06,
    2.952288448012265e-06,
    2.2965676888737465e-06,
    1.920529225477623e-06,
    2.3049349407840284e-06,
    1.5404132725817892e-06,
    1.5539345326147553e-06,
    6.730489091456213e-07,
    9.524218480234633e-07,
    4.924756823193518e-07
  ],
  "val_f1": [
    0.847005069473424,
    0.9187833957681814,
    0.9187904229983438,
    0.922015350452114,
    0.915562853493888,
    0.915562853493888,
    0.9187904229983438,
    0.9187904229983438,
    0.9188364018746658,
    0.925451173465711,
    0.9220675376597415,
    0.9220675376597415,
    0.9187904229983438,
    0.925451173465711,
    0.9220675376597415,
    0.9220675376597415,
    0.9220675376597415,
    0.925451173465711,
    0.9220675376597415,
    0.9220675376597415,
    0.9220675376597415,
    0.9220675376597415,
    0.9220675376597415,
    0.9220675376597415,
    0.9220675376597415,
    0.9220675376597415,
    0.9188364018746658,
    0.9187904229983438,
    0.9189819855647342,
    0.9189819855647342,
    0.9189625876932378,
    0.9221920698780953,
    0.9253732888878811,
    0.9253732888878811,
    0.922015350452114,
    0.9187904229983438,
    0.9318661798831417,
    0.928681270332813,
    0.925451173465711,
    0.925451173465711
  ],
  "test_acc": 0.9612903225806452,
  "test_f1": 0.9611613876319759,
  "runtime": 8.44,
  "pca_components": 475
}