{
  "optimizer": "RMSprop",
  "activation": "elu",
  "arch": [
    64,
    32
  ],
  "dropout": 0.1,
  "lr": 0.001,
  "epochs": 40,
  "train_loss": [
    0.3260093586325982,
    0.06511690287205535,
    0.025868587513620082,
    0.01260590647843743,
    0.006023866830082062,
    0.0038789957372252263,
    0.0030290103122551457,
    0.0017011862384323723,
    0.0025090094506209533,
    0.0016645705118232305,
    0.0012574612233207138,
    0.0012181797157991838,
    0.0027957977656878543,
    0.0028287351207451246,
    0.0026613152884007014,
    0.005868784580994522,
    0.004976681937103377,
    0.008652646514041693,
    0.0024616760687702836,
    0.0005055501512071441,
    0.0012656483760815852,
    0.0006824805812507912,
    0.00040478949863892574,
    0.0001739395351644353,
    0.0001375782385635701,
    0.00023923129362571775,
    0.00019641996730236438,
    0.00013529564910082345,
    8.081056048970564e-05,
    7.573131637916023e-05,
    5.1820842446985715e-05,
    4.7753760990421294e-05,
    0.004097311810608863,
    0.013493286683452088,
    0.004147506203792065,
    0.0004277109545332416,
    0.0004021230569177454,
    0.0010717312511990817,
    0.0018297043379627653,
    0.00043356007279656857
  ],
  "val_f1": [
    0.9194734804490903,
    0.9003074112921841,
    0.9033558400819581,
    0.909469990889466,
    0.9027697145621674,
    0.9030101031945353,
    0.9063479439142217,
    0.9031471319356502,
    0.8964523372116758,
    0.9032380589776364,
    0.9031420544509112,
    0.8969283085638216,
    0.9035160609421861,
    0.9066976384049554,
    0.8972396725680564,
    0.9035230352303523,
    0.897074235758384,
    0.8810474285639179,
    0.8808362369337979,
    0.880928222046992,
    0.8841798013855278,
    0.8843640020110608,
    0.8875360143363912,
    0.8843640020110608,
    0.8843640020110608,
    0.8936395319890466,
    0.8872603933283546,
    0.8872603933283546,
    0.8842528252476282,
    0.8872603933283546,
    0.8872603933283546,
    0.8906946504314303,
    0.8848075479984292,
    0.8964346301006918,
    0.8844253666999911,
    0.8845259909727675,
    0.8877665740188427,
    0.8873403019744482,
    0.8905859572833662,
    0.8968594145570518
  ],
  "test_acc": 0.9290322580645162,
  "test_f1": 0.9282066098333629,
  "runtime": 3.32,
  "pca_components": 475
}