{
  "optimizer": "RMSprop",
  "activation": "elu",
  "arch": [
    256,
    128,
    64
  ],
  "dropout": 0.1,
  "lr": 0.001,
  "epochs": 40,
  "train_loss": [
    0.3109285421008189,
    0.0678802667573423,
    0.030499140398086898,
    0.010417113698689686,
    0.004497216818790788,
    0.001858529308416308,
    0.000599332406778556,
    0.0003959576916772756,
    0.0002587621445672896,
    0.00022326488281036762,
    0.00011524307823646185,
    0.00012042068698063166,
    0.00010700001302362779,
    0.00013035241141961978,
    5.547167353067525e-05,
    5.4549957490422576e-05,
    4.4360297805777585e-05,
    3.80005230894187e-05,
    2.9623508797655572e-05,
    3.201381970047763e-05,
    2.7558391227678962e-05,
    1.1954621687667926e-05,
    1.716508724397604e-05,
    1.3633259386316965e-05,
    8.634362869378482e-06,
    8.308998532016884e-06,
    6.558882595399702e-06,
    4.292333577106254e-06,
    4.459526122673808e-06,
    5.914581482314062e-06,
    3.404184480109739e-06,
    2.2808292215515763e-06,
    2.552307366088468e-06,
    1.940841186655016e-06,
    1.8216095462352458e-06,
    1.7618029509805644e-06,
    9.158222804844768e-07,
    1.1584252340916458e-06,
    6.59010974617942e-07,
    7.775453510652542e-07
  ],
  "val_f1": [
    0.8533403440612973,
    0.8887891575231,
    0.899043075787262,
    0.9121920586178245,
    0.9087646915840013,
    0.9031777437427831,
    0.9027972756221324,
    0.9027972756221324,
    0.9120987241247649,
    0.9093670243851731,
    0.906084756827331,
    0.9090581693280345,
    0.9122222222222223,
    0.9091541608430846,
    0.9091541608430846,
    0.9027972756221324,
    0.906084756827331,
    0.906084756827331,
    0.906084756827331,
    0.8996983408748115,
    0.8998358421564775,
    0.8998358421564775,
    0.8932685493290039,
    0.8961714553230656,
    0.8961714553230656,
    0.8961714553230656,
    0.8993714899052888,
    0.8993714899052888,
    0.8993714899052888,
    0.8961714553230656,
    0.8931348904121181,
    0.8931348904121181,
    0.8900962217304046,
    0.8900962217304046,
    0.8900962217304046,
    0.8932685493290039,
    0.896437736574624,
    0.8931348904121181,
    0.8992063492063492,
    0.8931348904121181
  ],
  "test_acc": 0.9548387096774194,
  "test_f1": 0.9546882855706386,
  "runtime": 5.19,
  "pca_components": 475
}