{
  "optimizer": "RMSprop",
  "activation": "swish",
  "arch": [
    64,
    32
  ],
  "dropout": 0.1,
  "lr": 0.001,
  "epochs": 40,
  "train_loss": [
    0.39815079786721064,
    0.061707715814980274,
    0.02408950257408664,
    0.011006368965916476,
    0.006238724335088385,
    0.0030589400795140594,
    0.0033465883026531766,
    0.0020481289790293495,
    0.0012676432101673,
    0.0011712511470187697,
    0.0007654462898132638,
    0.0009102832105207633,
    0.0005464829545061362,
    0.0003536860295929901,
    0.0006603277209159758,
    0.0004170247453189837,
    0.0014422707932209451,
    0.004544819903786154,
    0.006583552395200007,
    0.0027354671820222845,
    0.0015034754988705154,
    0.0004528552873189681,
    0.00034752006244364296,
    0.0001660924502664042,
    0.00011538584755132886,
    0.00010999868908402668,
    9.838498985843156e-05,
    0.00029032479850410003,
    0.0002886097704956755,
    7.395400853755955e-05,
    0.00011876787173848131,
    8.163056777812702e-05,
    5.237519229869245e-05,
    7.194777425523094e-05,
    6.878094794694037e-05,
    0.00021369443228047946,
    9.244070498788098e-05,
    7.087889101694285e-05,
    4.987706566071959e-05,
    0.00010657310082697235
  ],
  "val_f1": [
    0.928492133632259,
    0.9090184000560111,
    0.9254188576752412,
    0.9187301587301587,
    0.9254188576752412,
    0.9221368663631037,
    0.9222717679073341,
    0.918928734978761,
    0.9254819927184984,
    0.9254819927184984,
    0.9286966058744642,
    0.9254188576752412,
    0.9153044240233742,
    0.9252958812364752,
    0.9189934069460252,
    0.9185217099909043,
    0.9159505044260036,
    0.9058279622528623,
    0.9187904229983438,
    0.9218140654373954,
    0.918928734978761,
    0.9218140654373954,
    0.9155088082032309,
    0.9156455136030942,
    0.9124386122822807,
    0.9124386122822807,
    0.9093670243851731,
    0.9031010554500178,
    0.9123572718958103,
    0.9123572718958103,
    0.9189934069460252,
    0.918928734978761,
    0.9125596900349375,
    0.9191176470588235,
    0.9223904281963667,
    0.9191081001087263,
    0.9222074054197466,
    0.9127513751958496,
    0.9253430538863315,
    0.9059663517592321
  ],
  "test_acc": 0.9612903225806452,
  "test_f1": 0.9609922780229289,
  "runtime": 2.99,
  "pca_components": 475
}