{
  "optimizer": "SGD",
  "activation": "gelu",
  "arch": [
    256,
    128,
    64
  ],
  "dropout": 0.1,
  "lr": 0.001,
  "epochs": 40,
  "train_loss": [
    1.0982540534862335,
    1.0824227055405466,
    1.0600037887059213,
    1.0300364999632607,
    0.9781568728190971,
    0.8998530750123322,
    0.8225204901005261,
    0.7655022877913255,
    0.7229350435599131,
    0.6866339306282445,
    0.6520701434228804,
    0.6265135556699898,
    0.5980881448552582,
    0.5819112176276972,
    0.56350918746623,
    0.5424531933888112,
    0.5259799636487618,
    0.5039810365954671,
    0.48898462471043697,
    0.4676768571968006,
    0.44234725234968936,
    0.41580594990316294,
    0.3871266312292021,
    0.3557063720042248,
    0.3272625398994967,
    0.2996493608256448,
    0.27879114009764583,
    0.2541154055200385,
    0.2385740347042271,
    0.2155424840848506,
    0.20489232324668963,
    0.19306131056347092,
    0.1806331549266643,
    0.1694519998442588,
    0.15580548803137156,
    0.14361851255050218,
    0.13856546291825975,
    0.1258802026502223,
    0.1151919402878465,
    0.10761302939679768
  ],
  "val_f1": [
    0.16666666666666666,
    0.23737503291010867,
    0.5378443858082393,
    0.6555280964989704,
    0.7530799475753605,
    0.7278246075444804,
    0.6698090816243413,
    0.6696177460883344,
    0.6787030992095762,
    0.6798843453118546,
    0.6879127189204709,
    0.7075728055589762,
    0.7081994694343327,
    0.7128280293496309,
    0.7744138409645395,
    0.7744138409645395,
    0.749719588608173,
    0.814562963118331,
    0.8336761396238518,
    0.8249634590175606,
    0.8419745841397335,
    0.8388475659175407,
    0.8661382933637638,
    0.8727911731984227,
    0.886009463864212,
    0.8925825190786059,
    0.8925297820684941,
    0.9056225318316745,
    0.8960557685857514,
    0.9026984126984127,
    0.8992694129125912,
    0.9091276640105881,
    0.9123499806426635,
    0.9091276640105881,
    0.9157818134678388,
    0.9221831996095019,
    0.919009949633183,
    0.9254544774741192,
    0.9252428069752029,
    0.9286717853819751
  ],
  "test_acc": 0.9580645161290322,
  "test_f1": 0.9579384910719244,
  "runtime": 4.54,
  "pca_components": 475
}