{
  "optimizer": "SGD",
  "activation": "elu",
  "arch": [
    128,
    64
  ],
  "dropout": 0.1,
  "lr": 0.001,
  "epochs": 40,
  "train_loss": [
    0.9861766291665031,
    0.6926172143865362,
    0.5652761067383516,
    0.48777611524010933,
    0.4292413057371645,
    0.3767913844779078,
    0.336877151858813,
    0.30121334235776553,
    0.2734509348075771,
    0.24851892465317743,
    0.22689459159481326,
    0.2102171833185562,
    0.19616474654483437,
    0.17971438813940566,
    0.1674496756747341,
    0.16021609870639777,
    0.14653401947698008,
    0.1314015769233878,
    0.12882620136285097,
    0.11551436954120303,
    0.11255018661553146,
    0.106576298588447,
    0.10079100436364181,
    0.09198095801578471,
    0.08623911839804145,
    0.0829656468471387,
    0.07774809847128462,
    0.08209045474468106,
    0.06980361504645065,
    0.06882455479428813,
    0.06434819839530058,
    0.06542721839201841,
    0.05581502522621955,
    0.05648799647786016,
    0.04909066484630861,
    0.0492635122578012,
    0.0492176350869059,
    0.04433925194748952,
    0.04101041509603782,
    0.0410475278089866
  ],
  "val_f1": [
    0.7051312917580809,
    0.7194665021972092,
    0.7774323357909539,
    0.8387539120805046,
    0.8480538123948976,
    0.8676408026600675,
    0.868124958038942,
    0.8786129452087464,
    0.8920134289084475,
    0.8950087241800047,
    0.8984824884357595,
    0.9017124233715453,
    0.8984824884357595,
    0.8990691398897934,
    0.905468587933043,
    0.902526102683212,
    0.9119762941461055,
    0.9121153918834137,
    0.908909018523859,
    0.9122208326334386,
    0.9156088622355489,
    0.9156088622355489,
    0.9059484895858007,
    0.909138971354211,
    0.9059484895858007,
    0.9059484895858007,
    0.9090174554432213,
    0.9122222222222223,
    0.9123154897907373,
    0.9123154897907373,
    0.9123154897907373,
    0.9153853257711927,
    0.9120851568818643,
    0.9088634479806581,
    0.9121597783791017,
    0.9121597783791017,
    0.9121597783791017,
    0.9153853257711927,
    0.9120851568818643,
    0.9088634479806581
  ],
  "test_acc": 0.9516129032258065,
  "test_f1": 0.9514191437092636,
  "runtime": 3.15,
  "pca_components": 475
}