{
  "optimizer": "SGD",
  "activation": "elu",
  "arch": [
    256,
    128,
    64
  ],
  "dropout": 0.1,
  "lr": 0.001,
  "epochs": 40,
  "train_loss": [
    1.0266151358967124,
    0.8377605973552029,
    0.6792089424830986,
    0.5851966836171615,
    0.5262306661872597,
    0.4726778306167186,
    0.42356693287765296,
    0.3769886984803973,
    0.3425440131343456,
    0.30376286702876837,
    0.27530999277278,
    0.24816078995266802,
    0.2257177940519219,
    0.20544397332387435,
    0.19140287800909947,
    0.17828615634607461,
    0.16010296351169628,
    0.14970104898926775,
    0.1330264115634947,
    0.12670583855470963,
    0.11669542228040547,
    0.10918440199454604,
    0.09881337380588792,
    0.09327756335398743,
    0.085736664075198,
    0.08169125191939493,
    0.07675337199183835,
    0.07041529471264082,
    0.06667124663969085,
    0.06107155310960447,
    0.06007188383485839,
    0.05439148347117428,
    0.0515247661582304,
    0.0470148959708605,
    0.04616715424387145,
    0.04116063148165261,
    0.04163318832673938,
    0.03935197088549616,
    0.036264617898816576,
    0.03564127756361842
  ],
  "val_f1": [
    0.6233947421502051,
    0.6891895539510089,
    0.7448670870509089,
    0.7722658946415084,
    0.7963921529603307,
    0.8677003391438006,
    0.8623557122176431,
    0.865486030195039,
    0.8691478986641265,
    0.8692577164275278,
    0.8726078256226515,
    0.8761869527685288,
    0.8888825360523475,
    0.8890115718866808,
    0.889220721829262,
    0.8989420269041123,
    0.8989420269041123,
    0.9090078673121781,
    0.9053287603451144,
    0.9119951489619735,
    0.9053287603451144,
    0.9123115465891208,
    0.911990590628775,
    0.9118600113431663,
    0.9119951489619735,
    0.9122208326334386,
    0.9156088622355489,
    0.9156088622355489,
    0.9123154897907373,
    0.9123154897907373,
    0.9057142857142857,
    0.9157357829021997,
    0.9156088622355489,
    0.9123154897907373,
    0.9059484895858007,
    0.9125356404263391,
    0.9026476185942015,
    0.9123154897907373,
    0.9092443400519626,
    0.9090174554432213
  ],
  "test_acc": 0.9451612903225807,
  "test_f1": 0.9448255423797756,
  "runtime": 4.34,
  "pca_components": 475
}