{
  "optimizer": "SGD",
  "activation": "leaky",
  "arch": [
    128,
    64
  ],
  "dropout": 0.1,
  "lr": 0.001,
  "epochs": 40,
  "train_loss": [
    1.0512780318214023,
    0.9100683411325801,
    0.7814440813162046,
    0.6859524595025664,
    0.6125367823757748,
    0.5546673413500343,
    0.5057088034713442,
    0.4601088726493285,
    0.4183464204675091,
    0.37965758201766875,
    0.34331842052192696,
    0.3157397591523453,
    0.2908568043520272,
    0.2659615075607464,
    0.24369618896597364,
    0.22558793306126268,
    0.20989231100769823,
    0.19594133062154903,
    0.17852601499535692,
    0.17220313022852007,
    0.1567807023189541,
    0.14441545437690775,
    0.13739095675153332,
    0.13530836095948287,
    0.12227922807847896,
    0.11653768679807429,
    0.10803794184315904,
    0.10374718583066211,
    0.09503560739701124,
    0.0848312509336848,
    0.08810385701764073,
    0.07830835483675685,
    0.07211575037115937,
    0.07277892625351116,
    0.0660398880149037,
    0.062480801109258625,
    0.06085885352003696,
    0.06053012489196416,
    0.052599314871009176,
    0.05085942286230532
  ],
  "val_f1": [
    0.5078992821295011,
    0.68078394074599,
    0.7525816688796603,
    0.7827852823560978,
    0.8305278302063902,
    0.8521597492760237,
    0.8551454593109549,
    0.8712905514985562,
    0.8721939621472332,
    0.8853382252914964,
    0.8885646485352853,
    0.8988722201352252,
    0.9019323927933879,
    0.905250958245447,
    0.9053202468993035,
    0.9085642030061188,
    0.9152212369983134,
    0.9183588487446417,
    0.9249127939942392,
    0.9249127939942392,
    0.9218276042991677,
    0.9251314088754846,
    0.9282317821238841,
    0.9315811779016334,
    0.9218291109500713,
    0.9186082828786746,
    0.9250446019139374,
    0.9218291109500713,
    0.9282890079726244,
    0.9317226042269039,
    0.9315312046444122,
    0.9317226042269039,
    0.928492133632259,
    0.9284290813522617,
    0.9252016622776366,
    0.9252016622776366,
    0.9282890079726244,
    0.9284290813522617,
    0.9252016622776366,
    0.9252016622776366
  ],
  "test_acc": 0.9612903225806452,
  "test_f1": 0.961141651396524,
  "runtime": 3.01,
  "pca_components": 475
}