{
  "optimizer": "SGD",
  "activation": "swish",
  "arch": [
    128,
    64
  ],
  "dropout": 0.1,
  "lr": 0.001,
  "epochs": 40,
  "train_loss": [
    1.0547836450494188,
    0.9727591853939506,
    0.8650992776258714,
    0.7585353956163539,
    0.678483488964996,
    0.6244686471960633,
    0.5825807431040431,
    0.5464796623823269,
    0.5115075180644691,
    0.4767112590857511,
    0.4443112974400287,
    0.40923959254064246,
    0.37739522388027585,
    0.35047867223660495,
    0.31732095327506854,
    0.2947478779942807,
    0.27538135386462365,
    0.2578221298694098,
    0.23885114778749014,
    0.22191397117519968,
    0.2118770594409536,
    0.20044106409362467,
    0.18493719518609494,
    0.17733068977427008,
    0.17085923215413426,
    0.16065538073416485,
    0.15056015826328875,
    0.1418805343929063,
    0.13703363659706982,
    0.1329771894674784,
    0.12063499797744784,
    0.11087460918707703,
    0.11086797917431052,
    0.1065736609827196,
    0.09217767597783824,
    0.09352064138301411,
    0.08577608272649705,
    0.08379998569306128,
    0.07639041691246999,
    0.07595593709099864
  ],
  "val_f1": [
    0.5642116402116403,
    0.7024529453774736,
    0.7959948506612716,
    0.8055298788912073,
    0.7937656121963217,
    0.8093494966918106,
    0.8124589271091627,
    0.8271820428892483,
    0.8445805659854498,
    0.8448737384332948,
    0.8485900110140968,
    0.8520022606873082,
    0.8722571644415503,
    0.8825274774609316,
    0.8857619738751814,
    0.8890648389626019,
    0.8923617219754583,
    0.8956531004105468,
    0.898898297963154,
    0.898898297963154,
    0.9021395619659428,
    0.90543487395085,
    0.9086769234676132,
    0.9056990653541885,
    0.9122190717307229,
    0.9091753774680603,
    0.9123154897907373,
    0.9123572718958103,
    0.9222074054197466,
    0.9254188576752412,
    0.9254188576752412,
    0.9187301587301587,
    0.9253264062670002,
    0.9220305399409877,
    0.9253264062670002,
    0.9220305399409877,
    0.9220305399409877,
    0.9254188576752412,
    0.9254188576752412,
    0.9220305399409877
  ],
  "test_acc": 0.9483870967741935,
  "test_f1": 0.9480461542960397,
  "runtime": 3.01,
  "pca_components": 475
}