{
  "optimizer": "SGD",
  "activation": "leaky",
  "arch": [
    256,
    128,
    64
  ],
  "dropout": 0.1,
  "lr": 0.001,
  "epochs": 40,
  "train_loss": [
    1.0866385765008992,
    1.0464400447396067,
    0.9864960411275953,
    0.9017070686066901,
    0.7984124193786613,
    0.7154832993097495,
    0.6541634790996123,
    0.6056534657400099,
    0.5726748985820012,
    0.5474098690291,
    0.5175429004825143,
    0.5056981459268003,
    0.4740989417270539,
    0.45563803087356847,
    0.42639197870054957,
    0.39648170441373054,
    0.37067432234273157,
    0.34018873705089314,
    0.3117275516582215,
    0.2781725325303542,
    0.2509963817016741,
    0.2358605524844672,
    0.2115996760216498,
    0.19106004311392036,
    0.17690998038468406,
    0.1624327821676099,
    0.14986915934095466,
    0.13478929174722298,
    0.12099836329864905,
    0.11498049637798727,
    0.10918960059407323,
    0.0994960420042068,
    0.09420598860461347,
    0.08654979735436524,
    0.07897659199339382,
    0.07770737646334976,
    0.07042391372482869,
    0.06667885396590996,
    0.06279779520364716,
    0.058227667826487854
  ],
  "val_f1": [
    0.3926521938570131,
    0.5311219539883342,
    0.5214188060228407,
    0.5427725881216304,
    0.610684503760007,
    0.7576050901352106,
    0.7782457896309888,
    0.8021517859615758,
    0.7696685488244489,
    0.7829660278373174,
    0.797880925782572,
    0.8562679772307206,
    0.8278350296111961,
    0.8726670422064672,
    0.8721829140461216,
    0.8790270825311257,
    0.8856779837911913,
    0.892219590332798,
    0.8985505929062129,
    0.8953358272518518,
    0.8954436370288296,
    0.9018845211244892,
    0.8982314754158023,
    0.9117216144643869,
    0.901722121148111,
    0.9153044240233742,
    0.9119951489619736,
    0.9119951489619736,
    0.9118896785512595,
    0.915074594278571,
    0.9119951489619736,
    0.9118896785512595,
    0.9152087264434642,
    0.9185217099909043,
    0.9251314088754846,
    0.9251314088754846,
    0.9154247881247809,
    0.9319064842765585,
    0.9253264062670002,
    0.9315312046444122
  ],
  "test_acc": 0.9516129032258065,
  "test_f1": 0.9512893341997977,
  "runtime": 4.13,
  "pca_components": 475
}