{
  "optimizer": "SGD",
  "activation": "leaky",
  "arch": [
    64,
    32
  ],
  "dropout": 0.1,
  "lr": 0.001,
  "epochs": 40,
  "train_loss": [
    1.0729303132019228,
    0.9711188919573718,
    0.8536607214941524,
    0.7482681495326382,
    0.6697067101197963,
    0.6203320217331357,
    0.569424697729514,
    0.5359579528641355,
    0.5026949221181126,
    0.4698863337282342,
    0.4352836967668846,
    0.40390112762043334,
    0.37183370315752856,
    0.34395821345243616,
    0.3202400958509199,
    0.28975210146855257,
    0.27503326962461006,
    0.2531646958854392,
    0.23109990707035025,
    0.22517577222297433,
    0.2044281030355313,
    0.19150900849977318,
    0.17609039893260625,
    0.16305960916010778,
    0.15870276447175138,
    0.14706697193339605,
    0.14175433992954786,
    0.13414597046782473,
    0.12455281683390598,
    0.12067248581970264,
    0.1173688405688858,
    0.11128161340198445,
    0.09772235724219332,
    0.09848683731427046,
    0.09118410098281773,
    0.08406004626273852,
    0.080332170957484,
    0.07870545841436863,
    0.07012321593990373,
    0.06978236976960868
  ],
  "val_f1": [
    0.5731486230090139,
    0.6701862373737374,
    0.7403377828521456,
    0.7639303002052135,
    0.7828436805765474,
    0.7758652291363782,
    0.8039621016365203,
    0.8139381838746576,
    0.8506842512268511,
    0.8655346063517543,
    0.8818279757745167,
    0.8823929812229278,
    0.8923652339785136,
    0.8987611968744046,
    0.8953358272518518,
    0.8986651264279297,
    0.8987611968744046,
    0.9053773584905661,
    0.9053028034160109,
    0.9151520292927428,
    0.9085309418619906,
    0.9151520292927428,
    0.9184542815674891,
    0.9184542815674891,
    0.921751646470954,
    0.9216919057083134,
    0.921751646470954,
    0.9251406080232997,
    0.9316242998707454,
    0.9316242998707454,
    0.9348634392907892,
    0.9251406080232997,
    0.9316242998707454,
    0.9254188576752412,
    0.9284290813522617,
    0.9284290813522617,
    0.9253264062670002,
    0.9253264062670002,
    0.9252016622776366,
    0.9315811779016334
  ],
  "test_acc": 0.9419354838709677,
  "test_f1": 0.9417167098522924,
  "runtime": 2.64,
  "pca_components": 475
}