{
  "optimizer": "SGD",
  "activation": "swish",
  "arch": [
    256,
    128,
    64
  ],
  "dropout": 0.1,
  "lr": 0.001,
  "epochs": 40,
  "train_loss": [
    1.0944298285832643,
    1.081735651873978,
    1.06705275403998,
    1.0494842380525733,
    1.025074963161803,
    0.9917261227284021,
    0.9412185619953437,
    0.8750911674363566,
    0.8087440897470651,
    0.7539760700921463,
    0.7099742038779646,
    0.6783904371689955,
    0.6471400086784503,
    0.621547505283561,
    0.5987360881117482,
    0.5801332573726524,
    0.5639835834952053,
    0.54710910514983,
    0.5356151529574279,
    0.5183338434417892,
    0.5072971816791393,
    0.49028805266983605,
    0.4744518261048151,
    0.4590970562343125,
    0.4380306457562624,
    0.41627342671941464,
    0.3974500413124378,
    0.3746670156861583,
    0.35408714251726014,
    0.3261819733061285,
    0.3088574358905882,
    0.28765368221939863,
    0.2682375120436908,
    0.2511160488632688,
    0.2370854664980692,
    0.22434192694294766,
    0.2074398849522189,
    0.20106325819968152,
    0.18674631263297242,
    0.17731814215289385
  ],
  "val_f1": [
    0.45112145577655527,
    0.4695201821735888,
    0.49171539961013644,
    0.5219737414846705,
    0.5521812428675174,
    0.5504812675680095,
    0.5514342640355905,
    0.600331729758656,
    0.6269895981371391,
    0.65350164591384,
    0.6588618353324235,
    0.6818419315522318,
    0.6868534856274411,
    0.6972913211719182,
    0.7169332065959008,
    0.7446477029215847,
    0.7505365369183794,
    0.7588119737652449,
    0.7698599632221792,
    0.7756654433041364,
    0.7715631709341793,
    0.7837741987531733,
    0.7996323839997563,
    0.8223070248460042,
    0.845641011724216,
    0.8469728824119206,
    0.8583464581654243,
    0.8586365461114558,
    0.8689888377852601,
    0.8725947707079783,
    0.8726850507982583,
    0.8692690273625076,
    0.8792885700000665,
    0.8825274774609316,
    0.8858251459877623,
    0.8926590526011199,
    0.8959429677932129,
    0.9058279622528623,
    0.9024957237054645,
    0.9123321820637641
  ],
  "test_acc": 0.9258064516129032,
  "test_f1": 0.925254306434009,
  "runtime": 4.59,
  "pca_components": 475
}