{
  "optimizer": "SGD",
  "activation": "gelu",
  "arch": [
    128,
    64
  ],
  "dropout": 0.1,
  "lr": 0.001,
  "epochs": 40,
  "train_loss": [
    1.0342794172606076,
    0.9192658691331864,
    0.7966453273364329,
    0.707958922583676,
    0.6499686060636642,
    0.5978117606664229,
    0.5530220793821659,
    0.5156693148831003,
    0.4755556080179743,
    0.43518188786545126,
    0.39861448186902093,
    0.3587806522285124,
    0.3278040213409196,
    0.3006347682549467,
    0.27434070356242307,
    0.2508699479981287,
    0.22969174704495907,
    0.21592528592632815,
    0.20203931605209902,
    0.18403245530313161,
    0.1693180226202355,
    0.1555008295880387,
    0.13987955931952847,
    0.13719694208976976,
    0.1306499233724867,
    0.11391871312313531,
    0.11350113624780007,
    0.10851486826454795,
    0.10130160519449444,
    0.08945407305612174,
    0.0870408738936754,
    0.08263494652476024,
    0.07760360916338023,
    0.07086179068691792,
    0.06997925888560612,
    0.06418990536987172,
    0.06339989464295173,
    0.05765633686431125,
    0.05969598613611276,
    0.053884527110331856
  ],
  "val_f1": [
    0.6562854691362708,
    0.7222530137016318,
    0.7284495665878644,
    0.7496590975682972,
    0.7719089972375516,
    0.7919568514400113,
    0.8092312807062908,
    0.8442578092110803,
    0.8681076959641928,
    0.8786446196063631,
    0.8788196360877732,
    0.8955750235371088,
    0.8923652339785136,
    0.8924573722709819,
    0.8924573722709819,
    0.8925297820684941,
    0.895675336553361,
    0.8991025254551402,
    0.9087215885469814,
    0.9120230056425854,
    0.9087983940917616,
    0.9120907366813403,
    0.9185448834331199,
    0.915319336041029,
    0.9283835108090607,
    0.9283835108090607,
    0.9251406080232997,
    0.9251406080232997,
    0.9251406080232997,
    0.9251406080232997,
    0.9251406080232997,
    0.9284154453394938,
    0.9349053885995953,
    0.9349053885995953,
    0.9349053885995953,
    0.9316242998707454,
    0.9316242998707454,
    0.9316242998707454,
    0.9285218927009972,
    0.9285218927009972
  ],
  "test_acc": 0.9516129032258065,
  "test_f1": 0.9514363358083914,
  "runtime": 3.5,
  "pca_components": 475
}