{
  "optimizer": "SGD",
  "activation": "swish",
  "arch": [
    64,
    32
  ],
  "dropout": 0.1,
  "lr": 0.001,
  "epochs": 40,
  "train_loss": [
    1.0807057056073028,
    1.0043552225799315,
    0.8906856252661054,
    0.7854163668821292,
    0.7317836037433679,
    0.6869038684737496,
    0.6496276981154714,
    0.6220448195709857,
    0.5945558367781001,
    0.5667499635025915,
    0.542733125753336,
    0.5196148348854972,
    0.48989554256954265,
    0.462583218517324,
    0.4359922377475812,
    0.40553000788973376,
    0.37081516007058657,
    0.3510170723078647,
    0.32043118285132455,
    0.2910959992663972,
    0.26994366391555413,
    0.25585318503840243,
    0.23512752369374854,
    0.22626754601153878,
    0.21340877542321307,
    0.19376947007363943,
    0.19100268419998317,
    0.18408749384616188,
    0.16823538789157907,
    0.1578075533884068,
    0.14881202065941465,
    0.14480423090770048,
    0.13476561883493512,
    0.1245458780639094,
    0.12161745266681272,
    0.11477420794075699,
    0.10608867602548079,
    0.10527814656191452,
    0.10153277766614784,
    0.09571170884035748
  ],
  "val_f1": [
    0.4726690545967654,
    0.5114720770060576,
    0.5487955499207015,
    0.5797283176593521,
    0.727900056932315,
    0.8094595256476339,
    0.8419700992857736,
    0.8385213087309387,
    0.8226169869478513,
    0.81581033117854,
    0.8245723342624474,
    0.8354817918143732,
    0.8508484525385933,
    0.8520601437903726,
    0.8657921383344815,
    0.8759127707993187,
    0.8824526472148895,
    0.8828499062022847,
    0.8861818047467711,
    0.8926590526011199,
    0.8957604788428216,
    0.8957604788428216,
    0.8925268220495747,
    0.9022155197941566,
    0.8956781582924861,
    0.8956781582924861,
    0.896094809737988,
    0.9089311790194129,
    0.9058100315526058,
    0.9188980446547551,
    0.9221135464014024,
    0.9220305399409877,
    0.9286182305672561,
    0.9286182305672561,
    0.9253264062670002,
    0.9286182305672561,
    0.9286182305672561,
    0.9286182305672561,
    0.9318318645051319,
    0.9286182305672561
  ],
  "test_acc": 0.9451612903225807,
  "test_f1": 0.9449477351916377,
  "runtime": 2.73,
  "pca_components": 475
}