{
  "optimizer": "SGD",
  "activation": "elu",
  "arch": [
    64,
    32
  ],
  "dropout": 0.1,
  "lr": 0.001,
  "epochs": 40,
  "train_loss": [
    1.0177578135739738,
    0.7324994085231348,
    0.6120780531343046,
    0.5484546341679313,
    0.5063852819625635,
    0.46050591604115826,
    0.420990790408295,
    0.38552521386410743,
    0.3444041584755157,
    0.3191474460349922,
    0.2941892458072845,
    0.26350076905401115,
    0.2470804734246714,
    0.22980813182702048,
    0.2175693197647784,
    0.1986150764341698,
    0.1833523198312941,
    0.17605259879970658,
    0.16125062994574782,
    0.15204338212369783,
    0.14187398818814992,
    0.1397644068277779,
    0.12163258044148338,
    0.11811904769517069,
    0.1093077903283803,
    0.10321970199620037,
    0.10064421941222139,
    0.09593060611075391,
    0.08804959073991402,
    0.08866758621185056,
    0.0818583557944326,
    0.07848853588649314,
    0.0769405827805953,
    0.07038573432371076,
    0.06877212567583545,
    0.0654185769734819,
    0.06170000422058598,
    0.058339921788138654,
    0.05706037562931655,
    0.05596662021876824
  ],
  "val_f1": [
    0.6320727760351645,
    0.6535708300414182,
    0.721005753049552,
    0.7656084165756205,
    0.8289481337186221,
    0.8407689678739702,
    0.8617366359009139,
    0.8615192918452738,
    0.8752736409378125,
    0.8786360650179076,
    0.8789975365216284,
    0.8823419946730159,
    0.8855543325521088,
    0.8890376622058866,
    0.8921191117956617,
    0.9018697574902731,
    0.8985212036156706,
    0.8985212036156706,
    0.9052111410601977,
    0.8983592476123924,
    0.9017199920275308,
    0.9085640821212421,
    0.9082749986548353,
    0.9117686515975992,
    0.9086634295936622,
    0.902383174165267,
    0.9121139517365933,
    0.9087971710692809,
    0.9087971710692809,
    0.9087971710692809,
    0.9121139517365933,
    0.9087971710692809,
    0.9121139517365933,
    0.9121139517365933,
    0.9121139517365933,
    0.9187301587301587,
    0.9121139517365933,
    0.9156303241142204,
    0.9187301587301587,
    0.9156303241142204
  ],
  "test_acc": 0.9548387096774194,
  "test_f1": 0.9546534076933351,
  "runtime": 2.76,
  "pca_components": 475
}