{
  "optimizer": "SGD",
  "activation": "relu",
  "arch": [
    64,
    32
  ],
  "dropout": 0.1,
  "lr": 0.001,
  "epochs": 40,
  "train_loss": [
    1.059776671026393,
    0.9327278621354496,
    0.823611777882989,
    0.7447369773263506,
    0.6732798202214798,
    0.6221303485329912,
    0.5760236605961776,
    0.5340887732952112,
    0.4941246058268852,
    0.4649311129029814,
    0.4260652082270355,
    0.3940730410727716,
    0.36563772319015986,
    0.3302819830730694,
    0.3066667219791251,
    0.2889143712518034,
    0.26301019732961095,
    0.24023393702288992,
    0.2305413980343574,
    0.20664934247267253,
    0.1969467697924603,
    0.18064145120627267,
    0.17550919923556627,
    0.16542154961456498,
    0.15260509026575997,
    0.14415561288771545,
    0.135836661168569,
    0.12575164995185786,
    0.12216006709546283,
    0.10814541383010684,
    0.1060337918846116,
    0.10031670213322796,
    0.09270300896414478,
    0.09331076426683028,
    0.0892557209984972,
    0.08496689020729693,
    0.07781317297067651,
    0.07135584547646312,
    0.0704491961719353,
    0.06156407112296773
  ],
  "val_f1": [
    0.5135725846630473,
    0.5483985172227082,
    0.6016451532963335,
    0.7392652209553617,
    0.7842284886573229,
    0.7923791474637837,
    0.8109691848724405,
    0.8284394015897582,
    0.8356022764493941,
    0.8550744573078918,
    0.8648189966620426,
    0.871404437498248,
    0.8856424398783663,
    0.8921430677462521,
    0.8986080224034264,
    0.8986970129958495,
    0.90543487395085,
    0.9053028034160109,
    0.9020722764616015,
    0.9052111410601977,
    0.9052111410601977,
    0.9119714499385457,
    0.9183860164992241,
    0.9184542815674891,
    0.915074594278571,
    0.9184542815674891,
    0.9152142849692835,
    0.9185080259262417,
    0.9185080259262417,
    0.9216182466951514,
    0.9183860164992241,
    0.9183031703247337,
    0.9151520292927428,
    0.9185780478771249,
    0.9218616330185263,
    0.9184542815674891,
    0.9250667612236545,
    0.9184542815674891,
    0.9284704844110786,
    0.9251406080232997
  ],
  "test_acc": 0.9612903225806452,
  "test_f1": 0.9612272840428181,
  "runtime": 6.6,
  "pca_components": 475
}