{
  "optimizer": "SGD",
  "activation": "gelu",
  "arch": [
    64,
    32
  ],
  "dropout": 0.1,
  "lr": 0.001,
  "epochs": 40,
  "train_loss": [
    1.094488575036581,
    1.0325545031515226,
    0.9551350342579719,
    0.8539344815556371,
    0.7401864535068555,
    0.6588528274752364,
    0.5974701203730493,
    0.5414581202960514,
    0.49544166864535705,
    0.45790222846672957,
    0.4230812959865962,
    0.38322505710777766,
    0.35413506132514966,
    0.3245321763914846,
    0.2931267944810338,
    0.2746578070138205,
    0.25000978539376695,
    0.22297755306393244,
    0.21439924525150117,
    0.1982272867646395,
    0.18466264617064745,
    0.1759630589304575,
    0.16500141358603196,
    0.15668171321980218,
    0.14047342958805492,
    0.13389988868803412,
    0.12182432892088563,
    0.11512675401847358,
    0.10507353092831845,
    0.10894227739285242,
    0.09458460241171415,
    0.09296839709096599,
    0.08474149765893156,
    0.08345492104205667,
    0.07345841199784846,
    0.07419884191939208,
    0.07655159914249884,
    0.0640058063223383,
    0.06581500730506831,
    0.059209872368821345
  ],
  "val_f1": [
    0.2934062752266332,
    0.6718219528248458,
    0.7610435748366783,
    0.7616931656383484,
    0.769427704911576,
    0.7961576386749387,
    0.8311929275320411,
    0.8673618650362837,
    0.8705329514554517,
    0.8913039781870737,
    0.8948600972613724,
    0.8948600972613724,
    0.9049416775567494,
    0.9050617554722754,
    0.9149534545116156,
    0.9181835918845654,
    0.9216182466951514,
    0.9183031703247337,
    0.921751646470954,
    0.9216182466951514,
    0.915074594278571,
    0.9185217099909043,
    0.9121439008231461,
    0.9117571556924657,
    0.9117571556924657,
    0.915074594278571,
    0.9118444099576175,
    0.9118444099576175,
    0.9183860164992241,
    0.9183860164992241,
    0.9248491849570017,
    0.9215306027424018,
    0.9249276230408304,
    0.9216182466951514,
    0.9216182466951514,
    0.9216182466951514,
    0.928161899111732,
    0.9347716585394549,
    0.9347716585394549,
    0.9347716585394549
  ],
  "test_acc": 0.9516129032258065,
  "test_f1": 0.9513482392195264,
  "runtime": 3.19,
  "pca_components": 475
}