{
  "optimizer": "SGD",
  "activation": "relu",
  "arch": [
    256,
    128,
    64
  ],
  "dropout": 0.1,
  "lr": 0.001,
  "epochs": 40,
  "train_loss": [
    1.0993644065790242,
    1.0765559508506812,
    1.0474076315303718,
    1.0047786344181409,
    0.9455915908136311,
    0.8600760458168514,
    0.7593887491916187,
    0.6732160820635241,
    0.6064450643664089,
    0.5521774238287088,
    0.5114696162435687,
    0.48536295123546597,
    0.4534511653693406,
    0.4176872093200427,
    0.38271388398696815,
    0.35129976338311636,
    0.3177616241768267,
    0.291113913484066,
    0.2730405615535457,
    0.23960597270467449,
    0.22985046443085058,
    0.20661230975258024,
    0.1925122881846251,
    0.1797392114620173,
    0.16689760247400734,
    0.15055504150667606,
    0.13787318611414345,
    0.13300112076604667,
    0.11955042897546769,
    0.10921258137487737,
    0.09987641841417651,
    0.09194082449550524,
    0.08640539617893386,
    0.08140146310805409,
    0.07616434627447544,
    0.07227532211500769,
    0.06475483356881587,
    0.06168697542756908,
    0.05422408630717756,
    0.05619312907133758
  ],
  "val_f1": [
    0.23227016885553473,
    0.3958886436927518,
    0.5065030020782233,
    0.5364235292806722,
    0.5894012885464536,
    0.6445293879665465,
    0.6773565490220443,
    0.720858133624091,
    0.7603983946738316,
    0.7936710645249567,
    0.777913646769151,
    0.8287768109714614,
    0.8615081624829388,
    0.8617608926865076,
    0.8853790008538405,
    0.8888219688789438,
    0.8919399190599854,
    0.9051648184339066,
    0.905250958245447,
    0.9086769234676132,
    0.9086769234676132,
    0.9086769234676132,
    0.9185472931310888,
    0.9250832408435072,
    0.9251406080232997,
    0.9316615499725671,
    0.9349357635437757,
    0.9381824919218346,
    0.9414272663901299,
    0.9414272663901299,
    0.9381474258675556,
    0.9447034338711019,
    0.9381474258675556,
    0.9414560817480578,
    0.9381474258675556,
    0.9414560817480578,
    0.9350284349498804,
    0.9350769059914487,
    0.9383067977127384,
    0.9381474258675556
  ],
  "test_acc": 0.967741935483871,
  "test_f1": 0.9675493865175991,
  "runtime": 4.17,
  "pca_components": 475
}