{
  "optimizer": "SGD",
  "activation": "relu",
  "arch": [
    128,
    64
  ],
  "dropout": 0.1,
  "lr": 0.001,
  "epochs": 40,
  "train_loss": [
    1.0693986545717158,
    0.9435326163328868,
    0.7997628216015004,
    0.6898253147739309,
    0.6122556585596094,
    0.5522613521543095,
    0.4991239847003163,
    0.46014107253168013,
    0.42167747011102613,
    0.38183929312687653,
    0.3498401327470479,
    0.31822809649930967,
    0.2855515146909573,
    0.2656525071507952,
    0.23775019348789891,
    0.22011754665405536,
    0.20241892664237904,
    0.18395674993064115,
    0.17005537296412387,
    0.15899386497003024,
    0.14987685120173075,
    0.13945854359244775,
    0.12824122440981697,
    0.11989076718920466,
    0.11279824209780767,
    0.10490356762044337,
    0.0994462280736103,
    0.0877457517306929,
    0.08733124850240685,
    0.08326863782152717,
    0.08012646691590115,
    0.07277941317816033,
    0.07069165341760472,
    0.06351613579192682,
    0.0622117144213536,
    0.05586027421521633,
    0.058335313045446306,
    0.05266462446722959,
    0.04791216513181066,
    0.04099138186267122
  ],
  "val_f1": [
    0.5816632519043866,
    0.7468871885067742,
    0.7689185523476375,
    0.818415595315769,
    0.8226467522919664,
    0.8360875460795737,
    0.8591353280292603,
    0.8723808382815054,
    0.8923170081780033,
    0.8958704336307707,
    0.8958704336307707,
    0.8926343398041512,
    0.8958704336307707,
    0.9057175528873643,
    0.8991180579864179,
    0.9055269185543734,
    0.9022869514708255,
    0.8955645674267796,
    0.9088967678411798,
    0.9092310987363462,
    0.9189615004577883,
    0.9254022644656569,
    0.9285370821898709,
    0.9285370821898709,
    0.9319699400795917,
    0.935043624438754,
    0.9383373227432634,
    0.9383373227432634,
    0.9351229147331096,
    0.9351229147331096,
    0.9351229147331096,
    0.9351229147331096,
    0.9351229147331096,
    0.9351229147331096,
    0.935043624438754,
    0.9351229147331096,
    0.9319064842765585,
    0.9319064842765585,
    0.9318318645051319,
    0.9286182305672561
  ],
  "test_acc": 0.9548387096774194,
  "test_f1": 0.9547525304769469,
  "runtime": 3.09,
  "pca_components": 475
}